Cites,Authors,Title,Year,Source,Publisher,ArticleURL,CitesURL,GSRank,QueryDate,Type,DOI,ISSN,CitationURL,Volume,Issue,StartPage,EndPage,ECC,CitesPerYear,CitesPerAuthor,AuthorCount,Age,Abstract,FullTextURL,RelatedURL
1126,"J Steinhardt, PWW Koh…","Certified defenses for data poisoning attacks",2017,"Advances in neural …","proceedings.neurips.cc","https://proceedings.neurips.cc/paper/2017/hash/9d7311ba459f9e45ed746755a32dcd11-Abstract.html","https://scholar.google.com/scholar?cites=10474944557566613837&as_sdt=2005&sciodt=2007&hl=en",1,"2026-01-28 13:54:56","","","",,,,,,1126,125.11,375,3,9,"… The focus of the present work is on data poisoning attacks … This body of work has demonstrated data poisoning attacks that … to a large class of data poisoning attacks? At development …","https://proceedings.neurips.cc/paper/2017/file/9d7311ba459f9e45ed746755a32dcd11-Paper.pdf","https://scholar.google.com/scholar?q=related:TVmrk5N6XpEJ:scholar.google.com/&scioq=data+poisoning&hl=en&as_sdt=2007"
263,"A Schwarzschild, M Goldblum…","Just how toxic is data poisoning? a unified benchmark for backdoor and data poisoning attacks",2021,"International …","proceedings.mlr.press","http://proceedings.mlr.press/v139/schwarzschild21a.html","https://scholar.google.com/scholar?cites=15855049854905847899&as_sdt=2005&sciodt=2007&hl=en",2,"2026-01-28 13:54:56","","","",,,,,,263,52.60,88,3,5,"… We observe that data poisoning and backdoor attacks are highly … as valuable prototypes for data poisoning, we apply rigorous … benchmarks for data poisoning and backdoor attacks. …","http://proceedings.mlr.press/v139/schwarzschild21a/schwarzschild21a.pdf","https://scholar.google.com/scholar?q=related:W5DF4dZzCNwJ:scholar.google.com/&scioq=data+poisoning&hl=en&as_sdt=2007"
139,"X Zhang, X Zhu, L Lessard","Online data poisoning attacks",2020,"Learning for Dynamics and …","proceedings.mlr.press","https://proceedings.mlr.press/v120/zhang20b.html","https://scholar.google.com/scholar?cites=13620688710793989498&as_sdt=2005&sciodt=2007&hl=en",3,"2026-01-28 13:54:56","","","",,,,,,139,23.17,46,3,6,"… We study data poisoning attacks in the online learning setting, where training data arrive … , this paper builds a foundation for future studies of defense against online data poisoning. …","http://proceedings.mlr.press/v120/zhang20b/zhang20b.pdf","https://scholar.google.com/scholar?q=related:eo0MizdoBr0J:scholar.google.com/&scioq=data+poisoning&hl=en&as_sdt=2007"
156,"FA Yerlikaya, Ş Bahtiyar","Data poisoning attacks against machine learning algorithms",2022,"Expert Systems with Applications","Elsevier","https://www.sciencedirect.com/science/article/pii/S0957417422012933","https://scholar.google.com/scholar?cites=16852180316159626775&as_sdt=2005&sciodt=2007&hl=en",4,"2026-01-28 13:54:56","","","",,,,,,156,39.00,78,2,4,"… We use data poisoning for manipulating training data during adversarial attacks, which are random label flipping and distance-based label flipping attacks. We analyze the performance …","","https://scholar.google.com/scholar?q=related:F06G-7X43ukJ:scholar.google.com/&scioq=data+poisoning&hl=en&as_sdt=2007"
288,"WR Huang, J Geiping, L Fowl…","Metapoison: Practical general-purpose clean-label data poisoning",2020,"Advances in Neural …","proceedings.neurips.cc","https://proceedings.neurips.cc/paper/2020/hash/8ce6fc704072e351679ac97d4a985574-Abstract.html","https://scholar.google.com/scholar?cites=12626791803327337128&as_sdt=2005&sciodt=2007&hl=en",5,"2026-01-28 13:54:56","","","",,,,,,288,48.00,72,4,6,"… MetaPoison is robust: poisoned data made for one model … We demonstrate for the first time successful data poisoning … First, we re-evaluate bilevel optimization for data poisoning of …","https://proceedings.neurips.cc/paper/2020/file/8ce6fc704072e351679ac97d4a985574-Paper.pdf","https://scholar.google.com/scholar?q=related:qNIj2j5gO68J:scholar.google.com/&scioq=data+poisoning&hl=en&as_sdt=2007"
31,"P Zhao, W Zhu, P Jiao, D Gao, O Wu","Data poisoning in deep learning: A survey",2025,"arXiv preprint arXiv:2503.22759","arxiv.org","https://arxiv.org/abs/2503.22759","https://scholar.google.com/scholar?cites=6884772249059466121&as_sdt=2005&sciodt=2007&hl=en",6,"2026-01-28 13:54:56","","","",,,,,,31,31.00,6,5,1,"… threat of data poisoning, where attackers introduce maliciously manipulated training data to … While existing surveys provide valuable insights into data poisoning, they generally adopt a …","https://arxiv.org/pdf/2503.22759?","https://scholar.google.com/scholar?q=related:iRuoKOKfi18J:scholar.google.com/&scioq=data+poisoning&hl=en&as_sdt=2007"
29,"P He, H Xu, Y Xing, H Liu, M Yamada…","Data poisoning for in-context learning",2025,"Findings of the …","aclanthology.org","https://aclanthology.org/2025.findings-naacl.91/","https://scholar.google.com/scholar?cites=5224769788405052465&as_sdt=2005&sciodt=2007&hl=en",7,"2026-01-28 13:54:56","","","",,,,,,29,29.00,5,6,1,"… This paper examines ICL’s vulnerability to data poisoning attacks. We introduce ICLPoison, an attacking method specially designed to exploit ICL’s unique learning mechanisms by …","https://aclanthology.org/2025.findings-naacl.91.pdf","https://scholar.google.com/scholar?q=related:MXQTx3AcgkgJ:scholar.google.com/&scioq=data+poisoning&hl=en&as_sdt=2007"
1255,"V Tolpegin, S Truex, ME Gursoy, L Liu","Data poisoning attacks against federated learning systems",2020,"European symposium on research …","Springer","https://link.springer.com/chapter/10.1007/978-3-030-58951-6_24","https://scholar.google.com/scholar?cites=1517828116352522374&as_sdt=2005&sciodt=2007&hl=en",8,"2026-01-28 13:54:56","","10.1007/978-3-030-58951-6_24","",,,,,,1255,209.17,314,4,6,"… data poisoning attacks against FL systems in which a malicious subset of the participants aim to poison the global model by sending model updates derived from mislabeled data. We …","https://arxiv.org/pdf/2007.08432","https://scholar.google.com/scholar?q=related:hthKSaFoEBUJ:scholar.google.com/&scioq=data+poisoning&hl=en&as_sdt=2007"
97,"J Fan, Q Yan, M Li, G Qu, Y Xiao","A survey on data poisoning attacks and defenses",2022,"… Data Science in Cyberspace …","ieeexplore.ieee.org","https://ieeexplore.ieee.org/abstract/document/9900151/","https://scholar.google.com/scholar?cites=15055517502354538626&as_sdt=2005&sciodt=2007&hl=en",9,"2026-01-28 13:54:56","","","",,,,,,97,24.25,19,5,4,"… data to make the resulting model skewed or unusable. This paper reviews the relevant researches on data poisoning … then the defense methods of data poisoning attacks are sorted out, …","","https://scholar.google.com/scholar?q=related:gsCEnWbx79AJ:scholar.google.com/&scioq=data+poisoning&hl=en&as_sdt=2007"
239,"AE Cinà, K Grosse, A Demontis, S Vascon…","Wild patterns reloaded: A survey of machine learning security against training data poisoning",2023,"ACM Computing …","dl.acm.org","https://dl.acm.org/doi/abs/10.1145/3585385","https://scholar.google.com/scholar?cites=6450390182576079100&as_sdt=2005&sciodt=2007&hl=en",10,"2026-01-28 13:54:56","","10.1145/3585385","",,,,,,239,79.67,48,5,3,"… While the vast majority of the poisoning literature focuses on supervised classification models in the computer vision domain, we would like to remark here that data poisoning has been …","https://dl.acm.org/doi/pdf/10.1145/3585385","https://scholar.google.com/scholar?q=related:_EAdB7JjhFkJ:scholar.google.com/&scioq=data+poisoning&hl=en&as_sdt=2007"
107,"Y Wang, K Chaudhuri","Data poisoning attacks against online learning",2018,"arXiv preprint arXiv:1808.08994","arxiv.org","https://arxiv.org/abs/1808.08994","https://scholar.google.com/scholar?cites=3857350256667597162&as_sdt=2005&sciodt=2007&hl=en",11,"2026-01-28 13:54:56","","","",,,,,,107,13.38,54,2,8,"… We consider data poisoning attacks, a class of adversarial … data in order to make the trained classifier satisfy certain objectives. While there has been much prior work on data poisoning, …","https://arxiv.org/pdf/1808.08994","https://scholar.google.com/scholar?q=related:ahnvDp8PiDUJ:scholar.google.com/&scioq=data+poisoning&hl=en&as_sdt=2007"
174,"M Jagielski, G Severi, N Pousette Harger…","Subpopulation data poisoning attacks",2021,"Proceedings of the 2021 …","dl.acm.org","https://dl.acm.org/doi/abs/10.1145/3460120.3485368","https://scholar.google.com/scholar?cites=18068775768399115032&as_sdt=2005&sciodt=2007&hl=en",12,"2026-01-28 13:54:56","","10.1145/3460120.3485368","",,,,,,174,34.80,44,4,5,"… Poisoning attacks against machine learning induce adversarial modification of data used by … In this work, we introduce a novel data poisoning attack called a subpopulation attack, …","https://dl.acm.org/doi/pdf/10.1145/3460120.3485368","https://scholar.google.com/scholar?q=related:GHOdMdQvwfoJ:scholar.google.com/&scioq=data+poisoning&hl=en&as_sdt=2007"
314,"S Alfeld, X Zhu, P Barford","Data poisoning attacks against autoregressive models",2016,"Proceedings of the AAAI Conference on …","ojs.aaai.org","https://ojs.aaai.org/index.php/AAAI/article/view/10237","https://scholar.google.com/scholar?cites=6637725606433964086&as_sdt=2005&sciodt=2007&hl=en",13,"2026-01-28 13:54:56","","","",,,,,,314,31.40,105,3,10,"… framework for formulating an adversary’s data poisoning attack against a fixed (presumably … , with empirical experiments on synthetic data as well as real world data from US natural gas …","https://ojs.aaai.org/index.php/AAAI/article/view/10237/10096","https://scholar.google.com/scholar?q=related:NsACWEXwHVwJ:scholar.google.com/&scioq=data+poisoning&hl=en&as_sdt=2007"
181,"S Hong, V Chandrasekaran, Y Kaya, T Dumitraş…","On the effectiveness of mitigating data poisoning attacks with gradient shaping",2020,"arXiv preprint arXiv …","arxiv.org","https://arxiv.org/abs/2002.11497","https://scholar.google.com/scholar?cites=7126929616709433259&as_sdt=2005&sciodt=2007&hl=en",14,"2026-01-28 13:54:56","","","",,,,,,181,30.17,36,5,6,"… clean and poison gradients. We start with an overview of the existing data poisoning attacks … We then focus on poisoning mechanisms that the indiscriminate or targeted attacks use and …","https://arxiv.org/pdf/2002.11497","https://scholar.google.com/scholar?q=related:qzct77nw52IJ:scholar.google.com/&scioq=data+poisoning&hl=en&as_sdt=2007"
2700,"X Chen, C Liu, B Li, K Lu, D Song","Targeted backdoor attacks on deep learning systems using data poisoning",2017,"arXiv preprint arXiv:1712.05526","arxiv.org","https://arxiv.org/abs/1712.05526","https://scholar.google.com/scholar?cites=10754564719271014682&as_sdt=2005&sciodt=2007&hl=en",15,"2026-01-28 13:54:56","","","",,,,,,2700,300.00,540,5,9,"… data poisoning strategies to perform backdoor attacks, and thus refer to them as backdoor poisoning … conducts an attack by adding a few poisoning samples into the training dataset, …","https://arxiv.org/pdf/1712.05526","https://scholar.google.com/scholar?q=related:GvEYzqHjP5UJ:scholar.google.com/&scioq=data+poisoning&hl=en&as_sdt=2007"
478,"B Li, Y Wang, A Singh…","Data poisoning attacks on factorization-based collaborative filtering",2016,"Advances in neural …","proceedings.neurips.cc","https://proceedings.neurips.cc/paper/2016/hash/83fa5a432ae55c253d0e60dbfa716723-Abstract.html","https://scholar.google.com/scholar?cites=14272718160753446643&as_sdt=2005&sciodt=2007&hl=en",16,"2026-01-28 13:54:56","","","",,,,,,478,47.80,120,4,10,"… data poisoning attack on collaborative filtering systems. We demonstrate how a powerful attacker with full knowledge of the learner can generate malicious data … -world data and discuss …","https://proceedings.neurips.cc/paper/2016/file/83fa5a432ae55c253d0e60dbfa716723-Paper.pdf","https://scholar.google.com/scholar?q=related:8875DozhEsYJ:scholar.google.com/&scioq=data+poisoning&hl=en&as_sdt=2007"
250,"E Wallace, T Zhao, S Feng, S Singh","Concealed data poisoning attacks on NLP models",2021,"Proceedings of the 2021 …","aclanthology.org","https://aclanthology.org/2021.naacl-main.13/","https://scholar.google.com/scholar?cites=17405161573017692947&as_sdt=2005&sciodt=2007&hl=en",17,"2026-01-28 13:54:56","","","",,,,,,250,50.00,63,4,5,"… changes to the training data. In this work, we develop a new data poisoning attack that allows an … For instance, we insert 50 poison examples into a sentiment model’s training set that …","https://aclanthology.org/2021.naacl-main.13.pdf","https://scholar.google.com/scholar?q=related:E6v_8TuOi_EJ:scholar.google.com/&scioq=data+poisoning&hl=en&as_sdt=2007"
326,"PW Koh, J Steinhardt, P Liang","Stronger data poisoning attacks break data sanitization defenses",2022,"Machine Learning","Springer","https://link.springer.com/article/10.1007/s10994-021-06119-y","https://scholar.google.com/scholar?cites=14124361561083193058&as_sdt=2005&sciodt=2007&hl=en",18,"2026-01-28 13:54:56","HTML","10.1007/s10994-021-06119-y","",,,,,,326,81.50,109,3,4,"… We develop three data poisoning attacks that can simultaneously evade a broad range of common data sanitization defenses, including anomaly detectors based on nearest neighbors, …","https://link.springer.com/article/10.1007/s10994-021-06119-y","https://scholar.google.com/scholar?q=related:4qaLdwHQA8QJ:scholar.google.com/&scioq=data+poisoning&hl=en&as_sdt=2007"
401,"M Goldblum, D Tsipras, C Xie, X Chen…","Dataset security for machine learning: Data poisoning, backdoor attacks, and defenses",2022,"… on Pattern Analysis …","ieeexplore.ieee.org","https://ieeexplore.ieee.org/abstract/document/9743317/","https://scholar.google.com/scholar?cites=12067754974695139359&as_sdt=2005&sciodt=2007&hl=en",19,"2026-01-28 13:54:56","","","",,,,,,401,100.25,80,5,4,"… significantly more afraid of data poisoning than other threats of … We will refer to this general threat as data poisoning or … A number of data poisoning strategies manipulate training data …","https://ieeexplore.ieee.org/ielaam/34/10008914/9743317-aam.pdf","https://scholar.google.com/scholar?q=related:HygoNzZHeacJ:scholar.google.com/&scioq=data+poisoning&hl=en&as_sdt=2007"
379,"G Sun, Y Cong, J Dong, Q Wang…","Data poisoning attacks on federated machine learning",2021,"IEEE Internet of Things …","ieeexplore.ieee.org","https://ieeexplore.ieee.org/abstract/document/9618642/","https://scholar.google.com/scholar?cites=1354279771392306400&as_sdt=2005&sciodt=2007&hl=en",20,"2026-01-28 13:54:56","","","",,,,,,379,75.80,76,5,5,"… Demonstration of our data poisoning attack model on … Some nodes are injected by corrupted/poisoned data, while … to fill the data poisoning gap by investigating poisoning attack …","https://arxiv.org/pdf/2004.10020","https://scholar.google.com/scholar?q=related:4OxV3EZeyxIJ:scholar.google.com/&scioq=data+poisoning&hl=en&as_sdt=2007"
80,"Z Yang, X He, Z Li, M Backes…","Data poisoning attacks against multimodal encoders",2023,"International …","proceedings.mlr.press","https://proceedings.mlr.press/v202/yang23f.html","https://scholar.google.com/scholar?cites=11816704560819330585&as_sdt=2005&sciodt=2007&hl=en",21,"2026-01-28 13:54:56","","","",,,,,,80,26.67,16,5,3,"… ’s training data to trigger malicious behaviors in it. In contrast to previous work, only poisoning visual modality, in this work, we take the first step to studying poisoning attacks against …","https://proceedings.mlr.press/v202/yang23f/yang23f.pdf","https://scholar.google.com/scholar?q=related:Gd5fwzBe_aMJ:scholar.google.com/&scioq=data+poisoning&hl=en&as_sdt=2007"
165,"J Chen, X Zhang, R Zhang, C Wang…","De-pois: An attack-agnostic defense against data poisoning attacks",2021,"IEEE Transactions on …","ieeexplore.ieee.org","https://ieeexplore.ieee.org/abstract/document/9431105/","https://scholar.google.com/scholar?cites=16603565589234817853&as_sdt=2005&sciodt=2007&hl=en",22,"2026-01-28 13:54:56","","","",,,,,,165,33.00,33,5,5,"… In this paper, we focus on the data poisoning attacks, where … particular stickers into the training data to manipulate the decision … To counter poisoning attacks, several defense techniques …","https://ieeexplore.ieee.org/ielaam/10206/9151439/9431105-aam.pdf","https://scholar.google.com/scholar?q=related:PZs9F--2a-YJ:scholar.google.com/&scioq=data+poisoning&hl=en&as_sdt=2007"
108,"C Miao, Q Li, H Xiao, W Jiang, M Huai…","Towards data poisoning attacks in crowd sensing systems",2018,"Proceedings of the …","dl.acm.org","https://dl.acm.org/doi/abs/10.1145/3209582.3209594","https://scholar.google.com/scholar?cites=858611662580354933&as_sdt=2005&sciodt=2007&hl=en",23,"2026-01-28 13:54:56","","10.1145/3209582.3209594","",,,,,,108,13.50,18,6,8,"… One important form of attacks is called data poisoning, where an attacker tries to degrade … them submit malicious data. In this paper, we focus on two types of data poisoning attacks: the …","https://dl.acm.org/doi/pdf/10.1145/3209582.3209594","https://scholar.google.com/scholar?q=related:dQ8cDMJm6gsJ:scholar.google.com/&scioq=data+poisoning&hl=en&as_sdt=2007"
57,"Y Wang, P Mianjy, R Arora","Robust learning for data poisoning attacks",2021,"International Conference on …","proceedings.mlr.press","https://proceedings.mlr.press/v139/wang21r.html","https://scholar.google.com/scholar?cites=15738759785276050535&as_sdt=2005&sciodt=2007&hl=en",24,"2026-01-28 13:54:56","","","",,,,,,57,11.40,19,3,5,"… poisoning attack, studied extensively in the literature, is where the adversary can plant a fraction of the training data; … practical data poisoning methods including backdoor attacks, data …","http://proceedings.mlr.press/v139/wang21r/wang21r.pdf","https://scholar.google.com/scholar?q=related:ZwyVHqNOa9oJ:scholar.google.com/&scioq=data+poisoning&hl=en&as_sdt=2007"
21,"C Hu, YHF Hu","Data poisoning on deep learning models",2020,"2020 International Conference on …","ieeexplore.ieee.org","https://ieeexplore.ieee.org/abstract/document/9457922/","https://scholar.google.com/scholar?cites=15439490530244342637&as_sdt=2005&sciodt=2007&hl=en",25,"2026-01-28 13:54:56","","","",,,,,,21,3.50,11,2,6,"… This paper overviewed the mechanics and processes behind data poisoning for deep … by which poisoning could be applied to a deep learning model, showing how data poisoning can …","","https://scholar.google.com/scholar?q=related:bbM42NUWRNYJ:scholar.google.com/&scioq=data+poisoning&hl=en&as_sdt=2007"
143,"X Cao, J Jia, NZ Gong","Data poisoning attacks to local differential privacy protocols",2021,"30th USENIX Security Symposium (USENIX …","usenix.org","https://www.usenix.org/conference/usenixsecurity21/presentation/cao-xiaoyu","https://scholar.google.com/scholar?cites=17336345589143355578&as_sdt=2005&sciodt=2007&hl=en",26,"2026-01-28 13:54:56","","","",,,,,,143,28.60,48,3,5,"… In particular, we propose a family of attacks called data poisoning attacks to LDP protocols. … the data sent from the fake users to the data collector, with the goal to manipulate the data …","https://www.usenix.org/system/files/sec21-cao-xiaoyu.pdf","https://scholar.google.com/scholar?q=related:usBMIHYSl_AJ:scholar.google.com/&scioq=data+poisoning&hl=en&as_sdt=2007"
215,"Y Ma, X Zhu, J Hsu","Data poisoning against differentially-private learners: Attacks and defenses",2019,"arXiv preprint arXiv:1903.09860","arxiv.org","https://arxiv.org/abs/1903.09860","https://scholar.google.com/scholar?cites=16056686208070699394&as_sdt=2005&sciodt=2007&hl=en",27,"2026-01-28 13:54:56","","","",,,,,,215,30.71,72,3,7,"… Abstract Data poisoning attacks aim to manipulate the model produced by a learning … are resistant to data poisoning attacks when the adversary is only able to poison a small number of …","https://arxiv.org/pdf/1903.09860","https://scholar.google.com/scholar?q=related:gsn3xQjP1N4J:scholar.google.com/&scioq=data+poisoning&hl=en&as_sdt=2007"
30,"D Bowen, B Murphy, W Cai, D Khachaturov…","Data poisoning in llms: Jailbreak-tuning and scaling laws",2024,"arXiv preprint arXiv …","arxiv.org","https://arxiv.org/abs/2408.02946","https://scholar.google.com/scholar?cites=9095843935895431754&as_sdt=2005&sciodt=2007&hl=en",28,"2026-01-28 13:54:56","","","",,,,,,30,15.00,6,5,2,"… data. We develop a new attack paradigm, jailbreak-tuning, that combines data poisoning … Given this demonstration of how data poisoning vulnerabilities persist and can be amplified, …","https://arxiv.org/pdf/2408.02946?","https://scholar.google.com/scholar?q=related:SipwK97tOn4J:scholar.google.com/&scioq=data+poisoning&hl=en&as_sdt=2007"
68,"P Sandoval-Segura, V Singla…","Autoregressive perturbations for data poisoning",2022,"Advances in …","proceedings.neurips.cc","https://proceedings.neurips.cc/paper_files/paper/2022/hash/af66ac99716a64476c07ae8b089d59f8-Abstract-Conference.html","https://scholar.google.com/scholar?cites=17109390722215919135&as_sdt=2005&sciodt=2007&hl=en",29,"2026-01-28 13:54:56","","","",,,,,,68,17.00,23,3,4,"… We introduce autoregressive (AR) data poisoning for degrading overall … clean data. The perturbations that we additively apply to clean data are generated by AR processes that are data …","https://proceedings.neurips.cc/paper_files/paper/2022/file/af66ac99716a64476c07ae8b089d59f8-Paper-Conference.pdf","https://scholar.google.com/scholar?q=related:Hz4LYTbEcO0J:scholar.google.com/&scioq=data+poisoning&hl=en&as_sdt=2007"
16,"W Wang, S Feizi","Temporal robustness against data poisoning",2023,"Advances in Neural Information …","proceedings.neurips.cc","https://proceedings.neurips.cc/paper_files/paper/2023/hash/94bcb01789fccf15afe2764d8fe0f40e-Abstract-Conference.html","https://scholar.google.com/scholar?cites=12337083443628703550&as_sdt=2005&sciodt=2007&hl=en",30,"2026-01-28 13:54:56","","","",,,,,,16,5.33,8,2,3,"… , if attackers can poison more samples … data, which are often available but neglected in the past. Benefiting from these timestamps, we propose a temporal threat model of data poisoning …","https://proceedings.neurips.cc/paper_files/paper/2023/file/94bcb01789fccf15afe2764d8fe0f40e-Paper-Conference.pdf","https://scholar.google.com/scholar?q=related:Pn_X_QYgNqsJ:scholar.google.com/&scioq=data+poisoning&hl=en&as_sdt=2007"
572,"H Xiao, B Biggio, G Brown, G Fumera…","Is feature selection secure against training data poisoning?",2015,"international …","proceedings.mlr.press","https://proceedings.mlr.press/v37/xiao15.html","https://scholar.google.com/scholar?cites=1517576158054536968&as_sdt=2005&sciodt=2007&hl=en",31,"2026-01-28 13:54:56","","","",,,,,,572,52.00,114,5,11,"… poisoning attacks even without having access to the training data D, but only using surrogate dataˆD. In the absence of attack (ie, at 0% poisoning), all methods exhibit reliable perfor- …","http://proceedings.mlr.press/v37/xiao15.pdf","https://scholar.google.com/scholar?q=related:CFdxrHmDDxUJ:scholar.google.com/&scioq=data+poisoning&hl=en&as_sdt=2007"
30,"H Zhang, J Gao, L Su","Data poisoning attacks against outcome interpretations of predictive models",2021,"… Conference on Knowledge Discovery &Data …","dl.acm.org","https://dl.acm.org/doi/abs/10.1145/3447548.3467405","https://scholar.google.com/scholar?cites=11654362805220776746&as_sdt=2005&sciodt=2007&hl=en",32,"2026-01-28 13:54:56","","10.1145/3447548.3467405","",,,,,,30,6.00,10,3,5,"… in a benign environment, their robustness against data poisoning attacks (ie, attacks at the training … To answer this question, we propose a data poisoning attack framework named IMF (…","https://dl.acm.org/doi/pdf/10.1145/3447548.3467405","https://scholar.google.com/scholar?q=related:Kpu1UDmdvKEJ:scholar.google.com/&scioq=data+poisoning&hl=en&as_sdt=2007"
37,"H Baniecki, W Kretowicz, P Biecek","Fooling partial dependence via data poisoning",2022,"Joint European Conference on …","Springer","https://link.springer.com/chapter/10.1007/978-3-031-26409-2_8","https://scholar.google.com/scholar?cites=14701174288035574246&as_sdt=2005&sciodt=2007&hl=en",33,"2026-01-28 13:54:56","HTML","10.1007/978-3-031-26409-2_8","",,,,,,37,9.25,12,3,4,"… via data poisoning … : data, model, and explanation; thus, we poison the data to fool the explanation while the model remains unchanged. Figures 4 and 5 showcase an exemplary data …","https://link.springer.com/chapter/10.1007/978-3-031-26409-2_8","https://scholar.google.com/scholar?q=related:5nF38x8QBcwJ:scholar.google.com/&scioq=data+poisoning&hl=en&as_sdt=2007"
178,"DA Alber, Z Yang, A Alyakin, E Yang, S Rai…","Medical large language models are vulnerable to data-poisoning attacks",2025,"Nature Medicine","nature.com","https://www.nature.com/articles/s41591-024-03445-1","https://scholar.google.com/scholar?cites=10644094364771965173&as_sdt=2005&sciodt=2007&hl=en",34,"2026-01-28 13:54:56","HTML","","",,,,,,178,178.00,30,6,1,"… are in data subsets vulnerable to data-poisoning attacks, such … datasets and show that data poisoning is invisible to widely … would be most resistant to data poisoning and selected it for …","https://www.nature.com/articles/s41591-024-03445-1","https://scholar.google.com/scholar?q=related:9Vj4D25rt5MJ:scholar.google.com/&scioq=data+poisoning&hl=en&as_sdt=2007"
135,"H Zhang, T Zheng, J Gao, C Miao, L Su, Y Li…","Data poisoning attack against knowledge graph embedding",2019,"arXiv preprint arXiv …","arxiv.org","https://arxiv.org/abs/1904.12052","https://scholar.google.com/scholar?cites=2619996014903477794&as_sdt=2005&sciodt=2007&hl=en",35,"2026-01-28 13:54:56","","","",,,,,,135,19.29,19,7,7,"… of KGE and propose a family of effective data poisoning attack strategies against KGE methods. … Empirically, we perform poisoning attack experiments against three most representative …","https://arxiv.org/pdf/1904.12052","https://scholar.google.com/scholar?q=related:IsZChX4YXCQJ:scholar.google.com/&scioq=data+poisoning&hl=en&as_sdt=2007"
106,"Y Shi, T Erpek, YE Sagduyu…","Spectrum data poisoning with adversarial deep learning",2018,"MILCOM 2018-2018 IEEE …","ieeexplore.ieee.org","https://ieeexplore.ieee.org/abstract/document/8599832/","https://scholar.google.com/scholar?cites=18320632145143106738&as_sdt=2005&sciodt=2007&hl=en",36,"2026-01-28 13:54:56","","","",,,,,,106,13.25,27,4,8,"… The difference is that in [18], the adversary performs a jamming attack during the data … data poisoning attack in the sensing phase such that the transmitter has incorrect input data to its …","https://arxiv.org/pdf/1901.09247","https://scholar.google.com/scholar?q=related:sozbf971P_4J:scholar.google.com/&scioq=data+poisoning&hl=en&as_sdt=2007"
58,"M Zhao, B An, Y Yu, S Liu, S Pan","Data poisoning attacks on multi-task relationship learning",2018,"… of the AAAI Conference on Artificial …","ojs.aaai.org","https://ojs.aaai.org/index.php/AAAI/article/view/11838","https://scholar.google.com/scholar?cites=1686943034053290966&as_sdt=2005&sciodt=2007&hl=en",37,"2026-01-28 13:54:56","","","",,,,,,58,7.25,12,5,8,"… Data Poisoning Attacks on MTRL In this section, we introduce the problem settings for the data poisoning attack on MTRL. We define three kinds of attacks based on real-world …","https://ojs.aaai.org/index.php/AAAI/article/view/11838/11697","https://scholar.google.com/scholar?q=related:1usQbcA5aRcJ:scholar.google.com/&scioq=data+poisoning&hl=en&as_sdt=2007"
2,"F Hartle III, S Mancini, E Kerry","Data poisoning 2018–2025: A systematic review of risks, impacts, and mitigation challenges",2025,"Issues in Information Systems","iacis.org","https://iacis.org/iis/2025/4_iis_2025_433-442.pdf","https://scholar.google.com/scholar?cites=9162347993761713137&as_sdt=2005&sciodt=2007&hl=en",38,"2026-01-28 13:54:56","PDF","","",,,,,,2,2.00,1,3,1,"… To limit the analysis, this paper focuses on the systematic review of data poisoning consequences across three dimensions. From this vantage point, we attempt to show the implications …","https://iacis.org/iis/2025/4_iis_2025_433-442.pdf","https://scholar.google.com/scholar?q=related:8QuuxPQyJ38J:scholar.google.com/&scioq=data+poisoning&hl=en&as_sdt=2007"
321,"J Geiping, L Fowl, WR Huang, W Czaja…","Witches' brew: Industrial scale data poisoning via gradient matching",2020,"arXiv preprint arXiv …","arxiv.org","https://arxiv.org/abs/2009.02276","https://scholar.google.com/scholar?cites=12446963321584021008&as_sdt=2005&sciodt=2007&hl=en",39,"2026-01-28 13:54:56","","","",,,,,,321,53.50,64,5,6,"… attacker can modify training data within limits, but cannot modify test data and chooses specific target data a-priori. A related intermediary between data poisoning attacks we consider …","https://arxiv.org/pdf/2009.02276","https://scholar.google.com/scholar?q=related:EO5UszF_vKwJ:scholar.google.com/&scioq=data+poisoning&hl=en&as_sdt=2007"
56,"Y Yang, TY Liu…","Not all poisons are created equal: Robust training against data poisoning",2022,"… Conference on Machine …","proceedings.mlr.press","https://proceedings.mlr.press/v162/yang22j.html","https://scholar.google.com/scholar?cites=17906905243022517677&as_sdt=2005&sciodt=2007&hl=en",40,"2026-01-28 13:54:56","","","",,,,,,56,14.00,19,3,4,"… data to match the gradient of the adversarially labeled target. We show that for a poison to … To prevent data poisoning while maintaining the generalization performance of the network, …","https://proceedings.mlr.press/v162/yang22j/yang22j.pdf","https://scholar.google.com/scholar?q=related:reXvlHEbgvgJ:scholar.google.com/&scioq=data+poisoning&hl=en&as_sdt=2007"
98,"J Geiping, L Fowl, G Somepalli, M Goldblum…","What doesn't kill you makes you robust (er): How to adversarially train against data poisoning",2021,"arXiv preprint arXiv …","arxiv.org","https://arxiv.org/abs/2102.13624","https://scholar.google.com/scholar?cites=14904439968501323227&as_sdt=2005&sciodt=2007&hl=en",41,"2026-01-28 13:54:56","","","",,,,,,98,19.60,20,5,5,"… training data in order to desensitize neural networks to the types of perturbations caused by data poisoning - yet adapting this robust training framework to data poisoning requires …","https://arxiv.org/pdf/2102.13624","https://scholar.google.com/scholar?q=related:29WnKi81184J:scholar.google.com/&scioq=data+poisoning&hl=en&as_sdt=2007"
141,"C Liu, B Li, Y Vorobeychik, A Oprea","Robust linear regression against training data poisoning",2017,"… of the 10th ACM workshop on …","dl.acm.org","https://dl.acm.org/doi/abs/10.1145/3128572.3140447","https://scholar.google.com/scholar?cites=15191315598648680409&as_sdt=2005&sciodt=2007&hl=en",42,"2026-01-28 13:54:56","","10.1145/3128572.3140447","",,,,,,141,15.67,35,4,9,"… However, the economic importance of learning has made it a natural target for adversarial manipulation of training data, which we term poisoning attacks. Prior approaches to dealing …","https://dl.acm.org/doi/pdf/10.1145/3128572.3140447","https://scholar.google.com/scholar?q=related:2R9OyAxl0tIJ:scholar.google.com/&scioq=data+poisoning&hl=en&as_sdt=2007"
101,"H Zhang, Y Li, B Ding, J Gao","Practical data poisoning attack against next-item recommendation",2020,"Proceedings of the web conference 2020","dl.acm.org","https://dl.acm.org/doi/abs/10.1145/3366423.3379992","https://scholar.google.com/scholar?cites=2225252372003274232&as_sdt=2005&sciodt=2007&hl=en",43,"2026-01-28 13:54:56","","10.1145/3366423.3379992","",,,,,,101,16.83,25,4,6,"… In this work, we propose a data poisoning attack against blackbox next-item recommendation system. The poisoning attack problem is formulated as a multi-step decision problem and …","https://dl.acm.org/doi/pdf/10.1145/3366423.3379992","https://scholar.google.com/scholar?q=related:-L3ZED6v4R4J:scholar.google.com/&scioq=data+poisoning&hl=en&as_sdt=2007"
76,"E Radiya-Dixit, S Hong, N Carlini, F Tramer","Data poisoning won't save you from facial recognition",2021,"arXiv preprint arXiv …","arxiv.org","https://arxiv.org/abs/2106.14851","https://scholar.google.com/scholar?cites=12334665611277654156&as_sdt=2005&sciodt=2007&hl=en",44,"2026-01-28 13:54:56","","","",,,,,,76,15.20,19,4,5,"Data poisoning has been proposed as a compelling defense … We evaluate two systems for poisoning attacks against large-… We caution that facial recognition poisoning will not admit an ""…","https://arxiv.org/pdf/2106.14851","https://scholar.google.com/scholar?q=related:jFhuhwWJLasJ:scholar.google.com/&scioq=data+poisoning&hl=en&as_sdt=2007"
182,"H Huang, J Mu, NZ Gong, Q Li, B Liu, M Xu","Data poisoning attacks to deep learning based recommender systems",2021,"arXiv preprint arXiv …","arxiv.org","https://arxiv.org/abs/2101.02644","https://scholar.google.com/scholar?cites=15546759386114140274&as_sdt=2005&sciodt=2007&hl=en",45,"2026-01-28 13:54:56","","","",,,,,,182,36.40,30,6,5,"… However, existing data poisoning attacks are either agnostic to … security against data poisoning attacks is largely unknown. … Specifically, we propose data poisoning attacks that are …","https://arxiv.org/pdf/2101.02644","https://scholar.google.com/scholar?q=related:cqjNmUovwdcJ:scholar.google.com/&scioq=data+poisoning&hl=en&as_sdt=2007"
63,"M Fang, M Sun, Q Li, NZ Gong, J Tian…","Data poisoning attacks and defenses to crowdsourcing systems",2021,"Proceedings of the web …","dl.acm.org","https://dl.acm.org/doi/abs/10.1145/3442381.3450066","https://scholar.google.com/scholar?cites=1187645825871347937&as_sdt=2005&sciodt=2007&hl=en",46,"2026-01-28 13:54:56","","10.1145/3442381.3450066","",,,,,,63,12.60,11,6,5,"… is vulnerable to data poisoning attacks, in which malicious clients provide carefully crafted data to corrupt the aggregated data. We formulate our proposed data poisoning attacks as an …","https://dl.acm.org/doi/pdf/10.1145/3442381.3450066","https://scholar.google.com/scholar?q=related:4YAJEpZdexAJ:scholar.google.com/&scioq=data+poisoning&hl=en&as_sdt=2007"
157,"M Li, Y Sun, H Lu, S Maharjan…","Deep reinforcement learning for partially observable data poisoning attack in crowdsensing systems",2019,"IEEE Internet of Things …","ieeexplore.ieee.org","https://ieeexplore.ieee.org/abstract/document/8945245/","https://scholar.google.com/scholar?cites=11154133557938848370&as_sdt=2005&sciodt=2007&hl=en",47,"2026-01-28 13:54:56","","","",,,,,,157,22.43,31,5,7,"… to local information, they can find effective data poisoning attack strategies to interfere with … data poisoning attack against crowdsensing systems. Then, we propose a data poisoning …","","https://scholar.google.com/scholar?q=related:coI1sl9xy5oJ:scholar.google.com/&scioq=data+poisoning&hl=en&as_sdt=2007"
40,"M Pawelczyk, JZ Di, Y Lu, A Sekhari, G Kamath…","Machine unlearning fails to remove data poisoning attacks",2024,"arXiv preprint arXiv …","arxiv.org","https://arxiv.org/abs/2406.17216","https://scholar.google.com/scholar?cites=14907958036051671445&as_sdt=2005&sciodt=2007&hl=en",48,"2026-01-28 13:54:56","","","",,,,,,40,20.00,7,6,2,"… data poisoning across a variety of types of poisoning attacks (indiscriminate, targeted, and a newly-introduced Gaussian poisoning … for unlearning based on data poisoning. Our results …","https://arxiv.org/pdf/2406.17216","https://scholar.google.com/scholar?q=related:lTlKGdm0484J:scholar.google.com/&scioq=data+poisoning&hl=en&as_sdt=2007"
58,"Y Chen, C Shen, Y Shen, C Wang…","Amplifying membership exposure via data poisoning",2022,"Advances in Neural …","proceedings.neurips.cc","https://proceedings.neurips.cc/paper_files/paper/2022/hash/c0f240bb986df54b38026398da1ae72a-Abstract-Conference.html","https://scholar.google.com/scholar?cites=13772127157500094294&as_sdt=2005&sciodt=2007&hl=en",49,"2026-01-28 13:54:56","","","",,,,,,58,14.50,12,5,4,"… more susceptible to data poisoning attacks. … of data poisoning - increasing the risks of privacy leakage of benign training samples. To this end, we demonstrate a set of data poisoning …","https://proceedings.neurips.cc/paper_files/paper/2022/file/c0f240bb986df54b38026398da1ae72a-Paper-Conference.pdf","https://scholar.google.com/scholar?q=related:VqdNkK5sIL8J:scholar.google.com/&scioq=data+poisoning&hl=en&as_sdt=2007"
82,"C Miao, Q Li, L Su, M Huai, W Jiang, J Gao","Attack under disguise: An intelligent data poisoning attack mechanism in crowdsourcing",2018,"… of the 2018 World Wide Web …","dl.acm.org","https://dl.acm.org/doi/abs/10.1145/3178876.3186032","https://scholar.google.com/scholar?cites=2941221533598278632&as_sdt=2005&sciodt=2007&hl=en",50,"2026-01-28 13:54:56","","10.1145/3178876.3186032","",,,,,,82,10.25,14,6,8,"… , and thus can tolerate the data poisoning attacks to some degree. However, the Dawid-Skene model still has weakness. In this paper, we study the data poisoning attacks against such …","https://dl.acm.org/doi/pdf/10.1145/3178876.3186032","https://scholar.google.com/scholar?q=related:6OPay2ZR0SgJ:scholar.google.com/&scioq=data+poisoning&hl=en&as_sdt=2007"
25,"T Fu, M Sharma, P Torr, SB Cohen, D Krueger…","Poisonbench: Assessing large language model vulnerability to data poisoning",2024,"arXiv preprint arXiv …","arxiv.org","https://arxiv.org/abs/2410.08811","https://scholar.google.com/scholar?cites=17124984133518685479&as_sdt=2005&sciodt=2007&hl=en",51,"2026-01-28 13:54:56","","","",,,,,,25,12.50,4,6,2,"… enhance resilience against poisoning attacks; (2) … the data poison ratio; (3) The effect of data poisoning can generalize to extrapolated triggers that are not included in the poisoned data. …","https://arxiv.org/pdf/2410.08811?","https://scholar.google.com/scholar?q=related:J_WUXlYqqO0J:scholar.google.com/&scioq=data+poisoning&hl=en&as_sdt=2007"
30,"L Verde, F Marulli, S Marrone","Exploring the impact of data poisoning attacks on machine learning model reliability",2021,"Procedia Computer Science","Elsevier","https://www.sciencedirect.com/science/article/pii/S1877050921017695","https://scholar.google.com/scholar?cites=17266716305657614010&as_sdt=2005&sciodt=2007&hl=en",52,"2026-01-28 13:54:56","","","",,,,,,30,6.00,10,3,5,"… attacks recorded in this field were Data Poisoning attacks, performed against Deep Learning and Machine Learning models and pursued by the poisoning of Word Embeddings [39, 36]. …","https://www.sciencedirect.com/science/article/pii/S1877050921017695/pdf?md5=dd6f8c520531ace4d0b03e8a0fd05ca8&pid=1-s2.0-S1877050921017695-main.pdf","https://scholar.google.com/scholar?q=related:us4qPP-yn-8J:scholar.google.com/&scioq=data+poisoning&hl=en&as_sdt=2007"
41,"Y Chen, X Zhu, X Gong, X Yi, S Li","Data poisoning attacks in internet-of-vehicle networks: Taxonomy, state-of-the-art, and future directions",2022,"IEEE Transactions on …","ieeexplore.ieee.org","https://ieeexplore.ieee.org/abstract/document/9855872/","https://scholar.google.com/scholar?cites=5009348625957629721&as_sdt=2005&sciodt=2007&hl=en",53,"2026-01-28 13:54:56","","","",,,,,,41,10.25,8,5,4,"… state-of-the-art data poisoning attacks and defenses against … According to whether the attacker needs to manipulate the data … data poisoning attacks in this paper aim at the above data …","","https://scholar.google.com/scholar?q=related:Ga9L3gjIhEUJ:scholar.google.com/&scioq=data+poisoning&hl=en&as_sdt=2007"
32,"L Korada","Data Poisoning-What Is It and How It Is Being Addressed by the Leading Gen AI Providers",2024,"European Journal of Advances in Engineering and …","researchgate.net","https://www.researchgate.net/profile/Laxminarayana-Korada/publication/382649828_Data_Poisoning_-what_is_it_and_how_it_is_being_addressed_by_the_leading_Gen_AI_providers/links/66a7c17c4433ad480e845d45/Data-Poisoning-what-is-it-and-how-it-is-being-addressed-by-the-leading-Gen-AI-providers.pdf","https://scholar.google.com/scholar?cites=8460168551951403184&as_sdt=2005&sciodt=2007&hl=en",54,"2026-01-28 13:54:56","PDF","","",,,,,,32,16.00,32,1,2,"… developed protective mechanisms against data poisoning, providing valuable guidance for … data poisoning risks include data validation and sanitization, red teaming, secure data …","https://www.researchgate.net/profile/Laxminarayana-Korada/publication/382649828_Data_Poisoning_-what_is_it_and_how_it_is_being_addressed_by_the_leading_Gen_AI_providers/links/66a7c17c4433ad480e845d45/Data-Poisoning-what-is-it-and-how-it-is-being-addressed-by-the-leading-Gen-AI-providers.pdf","https://scholar.google.com/scholar?q=related:sIj-XnmOaHUJ:scholar.google.com/&scioq=data+poisoning&hl=en&as_sdt=2007"
121,"X Liu, S Si, X Zhu, Y Li, CJ Hsieh","A unified framework for data poisoning attack to graph-based semi-supervised learning",2019,"arXiv preprint arXiv:1910.14147","arxiv.org","https://arxiv.org/abs/1910.14147","https://scholar.google.com/scholar?cites=2718951671403635905&as_sdt=2005&sciodt=2007&hl=en",55,"2026-01-28 13:54:56","","","",,,,,,121,17.29,24,5,7,"… a general framework for data poisoning attacks to graph… data poisoning attack in GSSL, then we propose two specialized algorithms to efficiently solve two important cases — poisoning …","https://arxiv.org/pdf/1910.14147","https://scholar.google.com/scholar?q=related:weR3tyOouyUJ:scholar.google.com/&scioq=data+poisoning&hl=en&as_sdt=2007"
60,"IM Ahmed, MY Kashmoola","Threats on machine learning technique by data poisoning attack: A survey",2021,"… Conference on Advances in Cyber Security","Springer","https://link.springer.com/chapter/10.1007/978-981-16-8059-5_36","https://scholar.google.com/scholar?cites=7775116388285250475&as_sdt=2005&sciodt=2007&hl=en",56,"2026-01-28 13:54:56","","10.1007/978-981-16-8059-5_36","",,,,,,60,12.00,30,2,5,"… of a data poisoning attack. Data poisoning attacks target systems based on machine learning technology, with explanations of the attack mechanisms targeting data sources and the …","https://www.researchgate.net/profile/Ibrahim-Ahmed-135/publication/387344772_Threats_on_Machine_Learning_Technique_by_Data_Poisoning_Attack_A_Survey/links/6769db9dc1b0135465ef0d79/Threats-on-Machine-Learning-Technique-by-Data-Poisoning-Attack-A-Survey.pdf","https://scholar.google.com/scholar?q=related:q3sPKynD5msJ:scholar.google.com/&scioq=data+poisoning&hl=en&as_sdt=2007"
13,"W Bouaziz, N Usunier, EM El-Mhamdi","Data taggants: Dataset ownership verification via harmless targeted data poisoning",2024,"arXiv preprint arXiv:2410.09101","arxiv.org","https://arxiv.org/abs/2410.09101","https://scholar.google.com/scholar?cites=16286486291113119458&as_sdt=2005&sciodt=2007&hl=en",57,"2026-01-28 13:54:56","","","",,,,,,13,6.50,4,3,2,"… Since our method relies on a data poisoning mechanism, we suggest to use data poisoning detection methods to detect data taggants. We consider three data poisoning detection …","https://arxiv.org/pdf/2410.09101","https://scholar.google.com/scholar?q=related:4g4RBf44BeIJ:scholar.google.com/&scioq=data+poisoning&hl=en&as_sdt=2007"
36,"N Müller, D Kowatsch…","Data poisoning attacks on regression learning and corresponding defenses",2020,"2020 IEEE 25th Pacific Rim …","ieeexplore.ieee.org","https://ieeexplore.ieee.org/abstract/document/9320308/","https://scholar.google.com/scholar?cites=2730078024668021203&as_sdt=2005&sciodt=2007&hl=en",58,"2026-01-28 13:54:56","","","",,,,,,36,6.00,12,3,6,"… poisoned data into … of data poisoning attacks on regression learning, exceeding previous work both in terms of breadth and depth. We present realistic scenarios in which data poisoning …","https://arxiv.org/pdf/2009.07008","https://scholar.google.com/scholar?q=related:0wFwtX8v4yUJ:scholar.google.com/&scioq=data+poisoning&hl=en&as_sdt=2007"
186,"N Peri, N Gupta, WR Huang, L Fowl, C Zhu…","Deep k-NN Defense Against Clean-Label Data Poisoning Attacks",2020,"… on Computer Vision","Springer","https://link.springer.com/chapter/10.1007/978-3-030-66415-2_4","https://scholar.google.com/scholar?cites=10667570373785700973&as_sdt=2005&sciodt=2007&hl=en",59,"2026-01-28 13:54:56","","10.1007/978-3-030-66415-2_4","",,,,,,186,31.00,31,6,6,"… -label poisoning attacks. We evaluate it against state-of-the-art clean-label data poisoning attacks, … strategy detects 99% of the poison instances without degrading overall performance. …","https://arxiv.org/pdf/1909.13374","https://scholar.google.com/scholar?q=related:bUr6WbzSCpQJ:scholar.google.com/&scioq=data+poisoning&hl=en&as_sdt=2007"
30,"M Aladag, FO Catak, E Gul","Preventing data poisoning attacks by using generative models",2019,"2019 1St International informatics …","ieeexplore.ieee.org","https://ieeexplore.ieee.org/abstract/document/8965459/","https://scholar.google.com/scholar?cites=14346252434531066523&as_sdt=2005&sciodt=2007&hl=en",60,"2026-01-28 13:54:56","","","",,,,,,30,4.29,10,3,7,"… In this paper, we demonstrate a data poisoning attack towards classification method of … robust against data poisoning attacks. In this study, we have conducted data poisoning attacks on …","https://www.researchgate.net/profile/Ferhat-Ozgur-Catak/publication/336672115_Preventing_Data_Poisoning_Attacks_By_Using_Generative_Models/links/5dab513c4585155e27f6f398/Preventing-Data-Poisoning-Attacks-By-Using-Generative-Models.pdf","https://scholar.google.com/scholar?q=related:m6JOWpQgGMcJ:scholar.google.com/&scioq=data+poisoning&hl=en&as_sdt=2007"
53,"F Tahmasebian, L Xiong, M Sotoodeh…","Crowdsourcing under data poisoning attacks: A comparative study",2020,"… Conference on Data and …","Springer","https://link.springer.com/chapter/10.1007/978-3-030-49669-2_18","https://scholar.google.com/scholar?cites=14332131368252736812&as_sdt=2005&sciodt=2007&hl=en",61,"2026-01-28 13:54:56","","10.1007/978-3-030-49669-2_18","",,,,,,53,8.83,13,4,6,"… to crowdsourcing applications is data poisoning attacks where … In this paper, we propose a comprehensive data poisoning … inference methods under various data poisoning attacks. We …","https://inria.hal.science/hal-03243634/document","https://scholar.google.com/scholar?q=related:LAXwZov15cYJ:scholar.google.com/&scioq=data+poisoning&hl=en&as_sdt=2007"
19,"T Chaalan, S Pang, J Kamruzzaman, I Gondal…","The path to defence: A roadmap to characterising data poisoning attacks on victim models",2024,"ACM Computing …","dl.acm.org","https://dl.acm.org/doi/abs/10.1145/3627536","https://scholar.google.com/scholar?cites=8630495811554722883&as_sdt=2005&sciodt=2007&hl=en",62,"2026-01-28 13:54:56","","10.1145/3627536","",,,,,,19,9.50,4,5,2,"Data Poisoning Attacks (DPA) represent a sophisticated technique aimed at distorting the training data of machine learning models, thereby manipulating their behavior. This process is …","https://dl.acm.org/doi/pdf/10.1145/3627536","https://scholar.google.com/scholar?q=related:Q0Q32zauxXcJ:scholar.google.com/&scioq=data+poisoning&hl=en&as_sdt=2007"
42,"H Kasyap, S Tripathy","Beyond data poisoning in federated learning",2024,"Expert Systems with Applications","Elsevier","https://www.sciencedirect.com/science/article/pii/S0957417423016949","https://scholar.google.com/scholar?cites=6676850599789505961&as_sdt=2005&sciodt=2007&hl=en",63,"2026-01-28 13:54:56","","","",,,,,,42,21.00,21,2,2,"… to discover out-of-distribution samples, which can be used to poison the model, thereby … samples to frame data poisoning attacks, called hyperdimensional data poisoning attacks (…","https://papers.ssrn.com/sol3/Delivery.cfm?abstractid=4408355","https://scholar.google.com/scholar?q=related:qa3Ouj7wqFwJ:scholar.google.com/&scioq=data+poisoning&hl=en&as_sdt=2007"
144,"F Liu, N Shroff","Data poisoning attacks on stochastic bandits",2019,"International Conference on Machine …","proceedings.mlr.press","http://proceedings.mlr.press/v97/liu19e.html","https://scholar.google.com/scholar?cites=13493179141751095636&as_sdt=2005&sciodt=2007&hl=en",64,"2026-01-28 13:54:56","","","",,,,,,144,20.57,72,2,7,"… In this work, we have a systematic investigation of data poisoning attacks against bandit algorithms and address the aforementioned open problems. We study the data poisoning …","http://proceedings.mlr.press/v97/liu19e/liu19e.pdf","https://scholar.google.com/scholar?q=related:VMHIgvBmQbsJ:scholar.google.com/&scioq=data+poisoning&hl=en&as_sdt=2007"
83,"H Zhang, C Tian, Y Li, L Su, N Yang, WX Zhao…","Data poisoning attack against recommender system using incomplete and perturbed data",2021,"… Discovery &Data …","dl.acm.org","https://dl.acm.org/doi/abs/10.1145/3447548.3467233","https://scholar.google.com/scholar?cites=5672923094546228787&as_sdt=2005&sciodt=2007&hl=en",65,"2026-01-28 13:54:56","","10.1145/3447548.3467233","",,,,,,83,16.60,12,7,5,"… poisoning attack against recommendation systems with incomplete or even perturbed user-item interaction data. We propose two sophisticated data poisoning attack approaches to …","https://dl.acm.org/doi/pdf/10.1145/3447548.3467233","https://scholar.google.com/scholar?q=related:M6aJgH9Fuk4J:scholar.google.com/&scioq=data+poisoning&hl=en&as_sdt=2007"
220,"M Fang, NZ Gong, J Liu","Influence function based data poisoning attacks to top-n recommender systems",2020,"Proceedings of the web conference 2020","dl.acm.org","https://dl.acm.org/doi/abs/10.1145/3366423.3380072","https://scholar.google.com/scholar?cites=15731125945220158855&as_sdt=2005&sciodt=2007&hl=en",66,"2026-01-28 13:54:56","","10.1145/3366423.3380072","",,,,,,220,36.67,73,3,6,"… • We propose the first data poisoning attack to matrix-factorizationbased Top-N recommender systems, which we formulate as a non-convex integer optimization problem. • We propose …","https://dl.acm.org/doi/pdf/10.1145/3366423.3380072","https://scholar.google.com/scholar?q=related:h1XHObMvUNoJ:scholar.google.com/&scioq=data+poisoning&hl=en&as_sdt=2007"
47,"Y Zhao, X Gong, F Lin, X Chen","Data poisoning attacks and defenses in dynamic crowdsourcing with online data quality learning",2021,"IEEE Transactions on Mobile …","ieeexplore.ieee.org","https://ieeexplore.ieee.org/abstract/document/9640529/","https://scholar.google.com/scholar?cites=15906487467819978133&as_sdt=2005&sciodt=2007&hl=en",67,"2026-01-28 13:54:56","","","",,,,,,47,9.40,12,4,5,"… Different from these works, this paper studies data poisoning in crowdsourcing based on online quality learning that learns workers’ quality on the fly while assigning tasks based on …","","https://scholar.google.com/scholar?q=related:lc2cZxMyv9wJ:scholar.google.com/&scioq=data+poisoning&hl=en&as_sdt=2007"
5,"D Naik, I Naik, N Naik","Weaponising Generative AI Through Data Poisoning: Analysing Various Data Poisoning Attacks on Large Language Models (LLMs) and Their Countermeasures",2025,"Authorea Preprints","techrxiv.org","https://www.techrxiv.org/doi/full/10.36227/techrxiv.176539608.89627406","https://scholar.google.com/scholar?cites=9969299033827612043&as_sdt=2005&sciodt=2007&hl=en",68,"2026-01-28 13:54:56","","10.36227/techrxiv.176539608.89627406","",,,,,,5,5.00,2,3,1,"… data poisoning attack with other types of data poisoning attacks. This paper provided a clear distinction of each data poisoning attack from other types of data poisoning … data poisoning …","https://www.techrxiv.org/doi/pdf/10.36227/techrxiv.176539608.89627406","https://scholar.google.com/scholar?q=related:i5Xw0qYQWooJ:scholar.google.com/&scioq=data+poisoning&hl=en&as_sdt=2007"
14,"W Wei, KH Chow, Y Wu, L Liu","Demystifying data poisoning attacks in distributed learning as a service",2023,"IEEE Transactions on Services …","ieeexplore.ieee.org","https://ieeexplore.ieee.org/abstract/document/10354520/","https://scholar.google.com/scholar?cites=12458028242770073991&as_sdt=2005&sciodt=2007&hl=en",69,"2026-01-28 13:54:56","","","",,,,,,14,4.67,4,4,3,"… Through an in-depth characterization of data poisoning risks in federated … data poisoning attacks from three perspectives. First, we formally define the targeted dirty-label data poisoning …","","https://scholar.google.com/scholar?q=related:hxkYbK7O46wJ:scholar.google.com/&scioq=data+poisoning&hl=en&as_sdt=2007"
163,"J Jia, X Cao, NZ Gong","Intrinsic certified robustness of bagging against data poisoning attacks",2021,"Proceedings of the AAAI conference on artificial …","ojs.aaai.org","https://ojs.aaai.org/index.php/AAAI/article/view/16971","https://scholar.google.com/scholar?cites=3770853214905684869&as_sdt=2005&sciodt=2007&hl=en",70,"2026-01-28 13:54:56","","","",,,,,,163,32.60,54,3,5,"In a data poisoning attack, an attacker modifies, deletes, and/or inserts some training examples to corrupt the learnt machine learning model. Bootstrap Aggregating (bagging) is a well …","https://ojs.aaai.org/index.php/AAAI/article/download/16971/16778","https://scholar.google.com/scholar?q=related:hdOXJgXDVDQJ:scholar.google.com/&scioq=data+poisoning&hl=en&as_sdt=2007"
36,"F Wang, X Wang, XJ Ban","Data poisoning attacks in intelligent transportation systems: A survey",2024,"Transportation Research Part C: Emerging …","Elsevier","https://www.sciencedirect.com/science/article/pii/S0968090X24002717","https://scholar.google.com/scholar?cites=1381259697456871970&as_sdt=2005&sciodt=2007&hl=en",71,"2026-01-28 13:54:56","","","",,,,,,36,18.00,12,3,2,"… data poisoning attack models against ITS. We identify the main ITS data sources vulnerable to poisoning … Data poisoning attacks against ITS are reviewed and categorized following the …","https://arxiv.org/pdf/2407.15855","https://scholar.google.com/scholar?q=related:Ivp6aWA4KxMJ:scholar.google.com/&scioq=data+poisoning&hl=en&as_sdt=2007"
15,"W Wang, A Levine, S Feizi","Lethal dose conjecture on data poisoning",2022,"Advances in neural information …","proceedings.neurips.cc","https://proceedings.neurips.cc/paper_files/paper/2022/hash/0badcb4e95306df76a719409155e46e8-Abstract-Conference.html","https://scholar.google.com/scholar?cites=10656232532262319468&as_sdt=2005&sciodt=2007&hl=en",72,"2026-01-28 13:54:56","","","",,,,,,15,3.75,5,3,4,"… Data poisoning considers an adversary that distorts the … regarding the fundamentals of data poisoning, which we call the … for provable defenses against data poisoning, where they …","https://proceedings.neurips.cc/paper_files/paper/2022/file/0badcb4e95306df76a719409155e46e8-Paper-Conference.pdf","https://scholar.google.com/scholar?q=related:bPV0aQeL4pMJ:scholar.google.com/&scioq=data+poisoning&hl=en&as_sdt=2007"
13,"F De Gaspari, D Hitaj, LV Mancini","Have you poisoned my data? defending neural networks against data poisoning",2024,"European Symposium on Research in …","Springer","https://link.springer.com/chapter/10.1007/978-3-031-70879-4_5","https://scholar.google.com/scholar?cites=4175473367408466169&as_sdt=2005&sciodt=2007&hl=en",73,"2026-01-28 13:54:56","","10.1007/978-3-031-70879-4_5","",,,,,,13,6.50,4,3,2,"… One such family of attacks is data poisoning. Poisoning attacks manipulate the training dataset by … The goal of poisoning attacks can be typically divided into three categories [4]: integrity …","https://arxiv.org/pdf/2403.13523?","https://scholar.google.com/scholar?q=related:-Vh8sedC8jkJ:scholar.google.com/&scioq=data+poisoning&hl=en&as_sdt=2007"
112,"J Song, Z Li, Z Hu, Y Wu, Z Li, J Li…","Poisonrec: an adaptive data poisoning framework for attacking black-box recommender systems",2020,"… conference on data …","ieeexplore.ieee.org","https://ieeexplore.ieee.org/abstract/document/9101655/","https://scholar.google.com/scholar?cites=1970576478916481911&as_sdt=2005&sciodt=2007&hl=en",74,"2026-01-28 13:54:56","","","",,,,,,112,18.67,16,7,6,"… Abstract—Data-driven recommender systems that can help … Several studies show that they are vulnerable to data poisoning attacks… In this paper, we propose an adaptive data poisoning …","","https://scholar.google.com/scholar?q=related:d5OO9N3kWBsJ:scholar.google.com/&scioq=data+poisoning&hl=en&as_sdt=2007"
34,"Y Zhang, A Albarghouthi…","Bagflip: A certified defense against data poisoning",2022,"Advances in Neural …","proceedings.neurips.cc","https://proceedings.neurips.cc/paper_files/paper/2022/hash/cc19e4ffde5540ac3fcda240e6d975cb-Abstract-Conference.html","https://scholar.google.com/scholar?cites=12286341512846726817&as_sdt=2005&sciodt=2007&hl=en",75,"2026-01-28 13:54:56","","","",,,,,,34,8.50,11,3,4,"Abstract Machine learning models are vulnerable to data-poisoning attacks, in which an attacker maliciously modifies the training set to change the prediction of a learned model. In a …","https://proceedings.neurips.cc/paper_files/paper/2022/file/cc19e4ffde5540ac3fcda240e6d975cb-Paper-Conference.pdf","https://scholar.google.com/scholar?q=related:oVZdloLagaoJ:scholar.google.com/&scioq=data+poisoning&hl=en&as_sdt=2007"
20,"D Bowen, B Murphy, W Cai, D Khachaturov…","Scaling laws for data poisoning in llms",2024,"arXiv e …","ui.adsabs.harvard.edu","https://ui.adsabs.harvard.edu/abs/2024arXiv240802946B/abstract","https://scholar.google.com/scholar?cites=121799016514808454&as_sdt=2005&sciodt=2007&hl=en",76,"2026-01-28 13:54:56","","","",,,,,,20,10.00,4,5,2,"… , it is critical to ask if the risk of data poisoning will be naturally mitigated by scale, or if it is … data poisoning can occur: malicious fine-tuning, imperfect data curation, and intentional data …","","https://scholar.google.com/scholar?q=related:hmpbaY-3sAEJ:scholar.google.com/&scioq=data+poisoning&hl=en&as_sdt=2007"
10,"A Jonnalagadda, D Mohanty, A Zakee…","Modelling data poisoning attacks against convolutional neural networks",2024,"Journal of Information & …","World Scientific","https://www.worldscientific.com/doi/abs/10.1142/S0219649224500229","https://scholar.google.com/scholar?cites=16349602404162198781&as_sdt=2005&sciodt=2007&hl=en",77,"2026-01-28 13:54:56","","10.1142/S0219649224500229","",,,,,,10,5.00,3,4,2,"… creating adversarial data. In this research, we develop a more robust data poisoning technique … Networks (GANs) to create a data poisoning attack. We then evaluate the performance of …","","https://scholar.google.com/scholar?q=related:_dz1PsN05eIJ:scholar.google.com/&scioq=data+poisoning&hl=en&as_sdt=2007"
5,"M Srivastava, A Kaushik, R Loughran, K McDaid","Data poisoning attacks in the training phase of machine learning models: A review",2024,"","eprints.dkit.ie","https://eprints.dkit.ie/id/eprint/980/","https://scholar.google.com/scholar?cites=18365805159359129319&as_sdt=2005&sciodt=2007&hl=en",78,"2026-01-28 13:54:56","","","",,,,,,5,2.50,1,4,2,"Data Poisoning Attacks (DPAs) can severely impact the performance of Machine Learning (ML) models by manipulating training datasets to introduce errors or biases. The integrity of …","https://eprints.dkit.ie/id/eprint/980/1/aics2024_p10.pdf","https://scholar.google.com/scholar?q=related:5yajeXxy4P4J:scholar.google.com/&scioq=data+poisoning&hl=en&as_sdt=2007"
17,"S Jiang, SR Kadhe, Y Zhou, F Ahmed, L Cai…","Turning generative models degenerate: The power of data poisoning attacks",2024,"arXiv preprint arXiv …","arxiv.org","https://arxiv.org/abs/2407.12281","https://scholar.google.com/scholar?cites=9187833446830656373&as_sdt=2005&sciodt=2007&hl=en",79,"2026-01-28 13:54:56","","","",,,,,,17,8.50,3,6,2,"… metrics to evaluate the effectiveness of data poisoning attacks targeting LLMs specifically for … 2) We design triggers for data poisoning attacks considering three factors: trigger length, …","https://arxiv.org/pdf/2407.12281","https://scholar.google.com/scholar?q=related:dUvLNde9gX8J:scholar.google.com/&scioq=data+poisoning&hl=en&as_sdt=2007"
39,"A Mehra, B Kailkhura, PY Chen…","Understanding the limits of unsupervised domain adaptation via data poisoning",2021,"Advances in Neural …","proceedings.neurips.cc","https://proceedings.neurips.cc/paper/2021/hash/90cc440b1b8caa520c562ac4e4bbcb51-Abstract.html","https://scholar.google.com/scholar?cites=12714833644875201572&as_sdt=2005&sciodt=2007&hl=en",80,"2026-01-28 13:54:56","","","",,,,,,39,7.80,10,4,5,"… novel data poisoning attacks to … poisoning can significantly decrease the target domain accuracy, dropping it to almost 0% in some cases, with the addition of only 10% poisoned data in …","https://proceedings.neurips.cc/paper/2021/file/90cc440b1b8caa520c562ac4e4bbcb51-Paper.pdf","https://scholar.google.com/scholar?q=related:JLz4fNUpdLAJ:scholar.google.com/&scioq=data+poisoning&hl=en&as_sdt=2007"
90,"H Bansal, N Singhi, Y Yang, F Yin…","Cleanclip: Mitigating data poisoning attacks in multimodal contrastive learning",2023,"Proceedings of the …","openaccess.thecvf.com","http://openaccess.thecvf.com/content/ICCV2023/html/Bansal_CleanCLIP_Mitigating_Data_Poisoning_Attacks_in_Multimodal_Contrastive_Learning_ICCV_2023_paper.html","https://scholar.google.com/scholar?cites=2528390032251805812&as_sdt=2005&sciodt=2007&hl=en",81,"2026-01-28 13:54:56","","","",,,,,,90,30.00,18,5,3,"… that is pretrained on clean data is 0.4. Our observation thus … To mitigate the impact of data poisoning attacks in mul… -tuning it with clean image-caption data. Our approach is motivated by …","https://openaccess.thecvf.com/content/ICCV2023/papers/Bansal_CleanCLIP_Mitigating_Data_Poisoning_Attacks_in_Multimodal_Contrastive_Learning_ICCV_2023_paper.pdf","https://scholar.google.com/scholar?q=related:dOABnlalFiMJ:scholar.google.com/&scioq=data+poisoning&hl=en&as_sdt=2007"
31,"H Chen, J Li","Data poisoning attacks on cross-domain recommendation",2019,"Proceedings of the 28th ACM International Conference …","dl.acm.org","https://dl.acm.org/doi/abs/10.1145/3357384.3358116","https://scholar.google.com/scholar?cites=2723871280864817551&as_sdt=2005&sciodt=2007&hl=en",82,"2026-01-28 13:54:56","","10.1145/3357384.3358116","",,,,,,31,4.43,16,2,7,"… party to launch data poisoning attacks. Here we study the vulnerability of cross-domain recommendation under data poisoning attacks. We show that data poisoning attacks can be …","https://dl.acm.org/doi/pdf/10.1145/3357384.3358116","https://scholar.google.com/scholar?q=related:j_HVjX8izSUJ:scholar.google.com/&scioq=data+poisoning&hl=en&as_sdt=2007"
80,"L Truong, C Jones, B Hutchinson…","Systematic evaluation of backdoor data poisoning attacks on image classifiers",2020,"Proceedings of the …","openaccess.thecvf.com","http://openaccess.thecvf.com/content_CVPRW_2020/html/w47/Truong_Systematic_Evaluation_of_Backdoor_Data_Poisoning_Attacks_on_Image_Classifiers_CVPRW_2020_paper.html","https://scholar.google.com/scholar?cites=2013023894306961087&as_sdt=2005&sciodt=2007&hl=en",83,"2026-01-28 13:54:56","","","",,,,,,80,13.33,20,4,6,"… of modeling choices and backdoor data poisoning strategies that manipulate training images … data with uncertain provenance may pose safety risks due to potential data poisoning [17]. …","http://openaccess.thecvf.com/content_CVPRW_2020/papers/w47/Truong_Systematic_Evaluation_of_Backdoor_Data_Poisoning_Attacks_on_Image_Classifiers_CVPRW_2020_paper.pdf","https://scholar.google.com/scholar?q=related:vzaKAJGy7xsJ:scholar.google.com/&scioq=data+poisoning&hl=en&as_sdt=2007"
34,"M Subedar, N Ahuja, R Krishnan, IJ Ndiour…","Deep probabilistic models to detect data poisoning attacks",2019,"arXiv preprint arXiv …","arxiv.org","https://arxiv.org/abs/1912.01206","https://scholar.google.com/scholar?cites=9510145383993201598&as_sdt=2005&sciodt=2007&hl=en",84,"2026-01-28 13:54:56","","","",,,,,,34,4.86,7,5,7,"… Data poisoning attacks compromise the integrity of machine-learning models by introducing … In this work, we investigate backdoor data poisoning attack on deep neural networks (DNNs…","https://arxiv.org/pdf/1912.01206","https://scholar.google.com/scholar?q=related:vlM8_9bS-oMJ:scholar.google.com/&scioq=data+poisoning&hl=en&as_sdt=2007"
48,"Z Li, Z Zheng, S Guo, B Guo, F Xiao…","Disguised as privacy: Data poisoning attacks against differentially private crowdsensing systems",2022,"IEEE Transactions on …","ieeexplore.ieee.org","https://ieeexplore.ieee.org/abstract/document/9775757/","https://scholar.google.com/scholar?cites=10164435448283045486&as_sdt=2005&sciodt=2007&hl=en",85,"2026-01-28 13:54:56","","","",,,,,,48,12.00,8,6,4,"… Moreover, we show that the differentially private crowdsensing systems are vulnerable to data poisoning attacks, and enhancing the level of privacy will bring more serious security …","","https://scholar.google.com/scholar?q=related:bp5MzS9UD40J:scholar.google.com/&scioq=data+poisoning&hl=en&as_sdt=2007"
92,"C Dunn, N Moustafa, B Turnbull","Robustness evaluations of sustainable machine learning models against data poisoning attacks in the internet of things",2020,"Sustainability","mdpi.com","https://www.mdpi.com/2071-1050/12/16/6434","https://scholar.google.com/scholar?cites=4504622892682839825&as_sdt=2005&sciodt=2007&hl=en",86,"2026-01-28 13:54:56","HTML","","",,,,,,92,15.33,31,3,6,"… Specifically, this study explores the effects of data poisoning attacks on machine learning … data poisoning, a stochastic function was employed to illegally modify the training data at …","https://www.mdpi.com/2071-1050/12/16/6434","https://scholar.google.com/scholar?q=related:EQd0haeigz4J:scholar.google.com/&scioq=data+poisoning&hl=en&as_sdt=2007"
116,"Z Sun, X Du, F Song, M Ni, L Li","Coprotector: Protect open-source code against unauthorized training usage with data poisoning",2022,"… of the ACM Web Conference 2022","dl.acm.org","https://dl.acm.org/doi/abs/10.1145/3485447.3512225","https://scholar.google.com/scholar?cites=4748881769701020091&as_sdt=2005&sciodt=2007&hl=en",87,"2026-01-28 13:54:56","","10.1145/3485447.3512225","",,,,,,116,29.00,23,5,4,"… Here, we design and implement a prototype, CoProtector, which utilizes data poisoning techniques to arm source code repositories for defending against such exploits. Our large-scale …","https://dl.acm.org/doi/pdf/10.1145/3485447.3512225","https://scholar.google.com/scholar?q=related:u5FbE89q50EJ:scholar.google.com/&scioq=data+poisoning&hl=en&as_sdt=2007"
39,"S Drews, A Albarghouthi, L D'Antoni","Proving data-poisoning robustness in decision trees",2020,"Proceedings of the 41st ACM …","dl.acm.org","https://dl.acm.org/doi/abs/10.1145/3385412.3385975","https://scholar.google.com/scholar?cites=1198959987807136622&as_sdt=2005&sciodt=2007&hl=en",88,"2026-01-28 13:54:56","","10.1145/3385412.3385975","",,,,,,39,6.50,13,3,6,"… We focus on the problem of verifying datapoisoning robustness for … We present Antidote, a tool for verifying data-poisoning … , then we know that 𝑥 is robust to poisoning 𝑇. (See Figure 1 …","https://dl.acm.org/doi/pdf/10.1145/3385412.3385975","https://scholar.google.com/scholar?q=related:bqsmrcGPoxAJ:scholar.google.com/&scioq=data+poisoning&hl=en&as_sdt=2007"
120,"A Takiddin, M Ismail, U Zafar…","Robust electricity theft detection against data poisoning attacks in smart grids",2020,"IEEE Transactions on …","ieeexplore.ieee.org","https://ieeexplore.ieee.org/abstract/document/9310227/","https://scholar.google.com/scholar?cites=8912016632141982942&as_sdt=2005&sciodt=2007&hl=en",89,"2026-01-28 13:54:56","","","",,,,,,120,20.00,30,4,6,"… and deep learning-based detectors suffer from data poisoning attacks that may lead to a … of data poisoning attacks. To enhance the detectors’ robustness against data poisoning attacks, …","","https://scholar.google.com/scholar?q=related:3iwyt-jXrXsJ:scholar.google.com/&scioq=data+poisoning&hl=en&as_sdt=2007"
57,"L Fowl, P Chiang, M Goldblum, J Geiping…","Preventing unauthorized use of proprietary data: Poisoning for secure dataset release",2021,"arXiv preprint arXiv …","arxiv.org","https://arxiv.org/abs/2103.02683","https://scholar.google.com/scholar?cites=4208609343390853134&as_sdt=2005&sciodt=2007&hl=en",90,"2026-01-28 13:54:56","","","",,,,,,57,11.40,11,5,5,"… We develop an indiscriminate data poisoning attack which works on deep networks trained from scratch in a blackbox setting. Our method allows practitioners to minimally modify …","https://arxiv.org/pdf/2103.02683","https://scholar.google.com/scholar?q=related:DqgzT-b7ZzoJ:scholar.google.com/&scioq=data+poisoning&hl=en&as_sdt=2007"
55,"Y Xu, J Yao, M Shu, Y Sun, Z Wu…","Shadowcast: Stealthy data poisoning attacks against vision-language models",2024,"Advances in …","proceedings.neurips.cc","https://proceedings.neurips.cc/paper_files/paper/2024/hash/6a2e30664b9647f97d7b9275358d083c-Abstract-Conference.html","https://scholar.google.com/scholar?cites=4897721346712184874&as_sdt=2005&sciodt=2007&hl=en",91,"2026-01-28 13:54:56","","","",,,,,,55,27.50,9,6,2,"… data poisoning attacks that can manipulate responses to innocuous, everyday prompts. We introduce Shadowcast, a stealthy data poisoning attack where poison … as 50 poison samples. …","https://proceedings.neurips.cc/paper_files/paper/2024/file/6a2e30664b9647f97d7b9275358d083c-Paper-Conference.pdf","https://scholar.google.com/scholar?q=related:Kqigl50z-EMJ:scholar.google.com/&scioq=data+poisoning&hl=en&as_sdt=2007"
30,"J Zhang, H Liu, J Jia, NZ Gong","Data poisoning based backdoor attacks to contrastive learning",2024,"Proceedings of the IEEE …","openaccess.thecvf.com","http://openaccess.thecvf.com/content/CVPR2024/html/Zhang_Data_Poisoning_based_Backdoor_Attacks_to_Contrastive_Learning_CVPR_2024_paper.html","https://scholar.google.com/scholar?cites=1053915419806731995&as_sdt=2005&sciodt=2007&hl=en",92,"2026-01-28 13:54:56","","","",,,,,,30,15.00,8,4,2,"… In this work, we propose new data poisoning based backdoor attacks (DPBAs) to contrastive learning (CL). Our attacks use a theory-guided method to create optimal poisoned images …","http://openaccess.thecvf.com/content/CVPR2024/papers/Zhang_Data_Poisoning_based_Backdoor_Attacks_to_Contrastive_Learning_CVPR_2024_paper.pdf","https://scholar.google.com/scholar?q=related:2w7jjH1CoA4J:scholar.google.com/&scioq=data+poisoning&hl=en&as_sdt=2007"
110,"J Jia, Y Liu, X Cao, NZ Gong","Certified robustness of nearest neighbors against data poisoning and backdoor attacks",2022,"Proceedings of the AAAI conference on …","ojs.aaai.org","https://ojs.aaai.org/index.php/AAAI/article/view/21191","https://scholar.google.com/scholar?cites=4307922545221886313&as_sdt=2005&sciodt=2007&hl=en",93,"2026-01-28 13:54:56","","","",,,,,,110,27.50,28,4,4,"… Data poisoning attacks and backdoor attacks aim to corrupt a … -art certified defenses against data poisoning attacks and backdoor … against data poisoning attacks and backdoor attacks. …","https://ojs.aaai.org/index.php/AAAI/article/view/21191/20940","https://scholar.google.com/scholar?q=related:aeHYA7vQyDsJ:scholar.google.com/&scioq=data+poisoning&hl=en&as_sdt=2007"
58,"C Wu, D Lian, Y Ge, Z Zhu…","Influence-driven data poisoning for robust recommender systems",2023,"IEEE Transactions on …","ieeexplore.ieee.org","https://ieeexplore.ieee.org/abstract/document/10122715/","https://scholar.google.com/scholar?cites=5682131323697778403&as_sdt=2005&sciodt=2007&hl=en",94,"2026-01-28 13:54:56","","","",,,,,,58,19.33,12,5,3,"… data. Given the deficiencies of existing attacks, we propose Infmix, an efficient poisoning attack … First, to accurately evaluate the attack revenue of poisoning users in the bi-level situation, …","","https://scholar.google.com/scholar?q=related:404gbFX82k4J:scholar.google.com/&scioq=data+poisoning&hl=en&as_sdt=2007"
88,"M Sun, J Tang, H Li, B Li, C Xiao, Y Chen…","Data poisoning attack against unsupervised node embedding methods",2018,"arXiv preprint arXiv …","arxiv.org","https://arxiv.org/abs/1810.12881","https://scholar.google.com/scholar?cites=17434556766872406256&as_sdt=2005&sciodt=2007&hl=en",95,"2026-01-28 13:54:56","","","",,,,,,88,11.00,13,7,8,"… We study two types of data poisoning attacks including integrity attack and availability attack. We propose a unified optimization framework to optimally attack the node embedding …","https://arxiv.org/pdf/1810.12881","https://scholar.google.com/scholar?q=related:8AjQ2QH98_EJ:scholar.google.com/&scioq=data+poisoning&hl=en&as_sdt=2007"
13,"Y Vorobeychik, M Kantarcioglu","Data Poisoning Attacks",2022,"Adversarial Machine Learning","Springer","https://link.springer.com/chapter/10.1007/978-3-031-01580-9_6","https://scholar.google.com/scholar?cites=13388498226843940734&as_sdt=2005&sciodt=2007&hl=en",96,"2026-01-28 13:54:56","","10.1007/978-3-031-01580-9_6","",,,,,,13,3.25,7,2,4,"Previously, we studied one broad class of attacks we term decision-time attacks, or attacks on machine learning models. A crucial feature of such attacks is that they take place after …","","https://scholar.google.com/scholar?q=related:fvf6tjOAzbkJ:scholar.google.com/&scioq=data+poisoning&hl=en&as_sdt=2007"
37,"Y Zeng, M Pan, H Jahagirdar, M Jin, L Lyu…","{Meta-Sift}: How to sift out a clean subset in the presence of data poisoning?",2023,"32nd USENIX Security …","usenix.org","https://www.usenix.org/conference/usenixsecurity23/presentation/zeng","https://scholar.google.com/scholar?cites=12548245955996956340&as_sdt=2005&sciodt=2007&hl=en",97,"2026-01-28 13:54:56","","","",,,,,,37,12.33,6,6,3,"… data manipulation. In particular, it includes both the attacks that interfere only with training data and … Within the scope of this paper, we divide existing data poisoning attacks into three …","https://www.usenix.org/system/files/usenixsecurity23-zeng.pdf","https://scholar.google.com/scholar?q=related:tDZuqTZTJK4J:scholar.google.com/&scioq=data+poisoning&hl=en&as_sdt=2007"
49,"S Weerasinghe, T Alpcan, SM Erfani…","Defending support vector machines against data poisoning attacks",2021,"IEEE Transactions on …","ieeexplore.ieee.org","https://ieeexplore.ieee.org/abstract/document/9352750/","https://scholar.google.com/scholar?cites=10734635186660517191&as_sdt=2005&sciodt=2007&hl=en",98,"2026-01-28 13:54:56","","","",,,,,,49,9.80,12,4,5,"… against poisoning and label flipping attacks using Local Intrinsic Dimensionality (LID), a metric that gives the dimension of the subspace in the local neighborhood of each data sample. …","","https://scholar.google.com/scholar?q=related:RyVP5tMV-ZQJ:scholar.google.com/&scioq=data+poisoning&hl=en&as_sdt=2007"
21,"Y Ge, Q Wang, J Yu, C Shen, Q Li","Data poisoning and backdoor attacks on audio intelligence systems",2023,"IEEE Communications …","ieeexplore.ieee.org","https://ieeexplore.ieee.org/abstract/document/10082866/","https://scholar.google.com/scholar?cites=11305269114536591149&as_sdt=2005&sciodt=2007&hl=en",99,"2026-01-28 13:54:56","","","",,,,,,21,7.00,4,5,3,"… servers or automatically scraping data from the Internet. While … render users vulnerable to data poisoning and backdoor attacks. … of the backdoor and data poisoning attacks on audio …","","https://scholar.google.com/scholar?q=related:Lf8lnlxi5JwJ:scholar.google.com/&scioq=data+poisoning&hl=en&as_sdt=2007"
95,"Y Ma, KS Jun, L Li, X Zhu","Data poisoning attacks in contextual bandits",2018,"… Conference on Decision and Game Theory for …","Springer","https://link.springer.com/chapter/10.1007/978-3-030-01554-1_11","https://scholar.google.com/scholar?cites=11878284886648135094&as_sdt=2005&sciodt=2007&hl=en",100,"2026-01-28 13:54:56","","10.1007/978-3-030-01554-1_11","",,,,,,95,11.88,24,4,8,"We study offline data poisoning attacks in contextual bandits, a class of reinforcement learning problems with important applications in online recommendation and adaptive medical …","https://arxiv.org/pdf/1808.05760","https://scholar.google.com/scholar?q=related:tp2NqSsl2KQJ:scholar.google.com/&scioq=data+poisoning&hl=en&as_sdt=2007"
73,"D Cotroneo, C Improta, P Liguori…","Vulnerabilities in ai code generators: Exploring targeted data poisoning attacks",2024,"Proceedings of the 32nd …","dl.acm.org","https://dl.acm.org/doi/abs/10.1145/3643916.3644416","https://scholar.google.com/scholar?cites=3615291186395191230&as_sdt=2005&sciodt=2007&hl=en",101,"2026-01-28 13:54:56","","10.1145/3643916.3644416","",,,,,,73,36.50,18,4,2,"… by devising a targeted data poisoning strategy. We poison the training data by injecting … , we present a targeted data poisoning attack through which we poison a targeted subset of …","https://dl.acm.org/doi/pdf/10.1145/3643916.3644416","https://scholar.google.com/scholar?q=related:vpev7C0YLDIJ:scholar.google.com/&scioq=data+poisoning&hl=en&as_sdt=2007"
43,"A Mehra, B Kailkhura, PY Chen…","How robust are randomized smoothing based defenses to data poisoning?",2021,"Proceedings of the …","openaccess.thecvf.com","http://openaccess.thecvf.com/content/CVPR2021/html/Mehra_How_Robust_Are_Randomized_Smoothing_Based_Defenses_to_Data_Poisoning_CVPR_2021_paper.html","https://scholar.google.com/scholar?cites=17001375147769153298&as_sdt=2005&sciodt=2007&hl=en",102,"2026-01-28 13:54:56","","","",,,,,,43,8.60,11,4,5,"… this question and demonstrate that data poisoning is a serious concern even for certified defenses. We propose a novel data poisoning attack that can significantly compromise the …","http://openaccess.thecvf.com/content/CVPR2021/papers/Mehra_How_Robust_Are_Randomized_Smoothing_Based_Defenses_to_Data_Poisoning_CVPR_2021_paper.pdf","https://scholar.google.com/scholar?q=related:Ekfvp54E8esJ:scholar.google.com/&scioq=data+poisoning&hl=en&as_sdt=2007"
21,"D Namiot","Introduction to data poison attacks on machine learning models",2023,"International Journal of Open Information Technologies","injoit.ru","http://www.injoit.ru/index.php/j1/article/view/1517","https://scholar.google.com/scholar?cites=11122026053005819232&as_sdt=2005&sciodt=2007&hl=en",103,"2026-01-28 13:54:56","","","",,,,,,21,7.00,21,1,3,"… Certified defenses for data poisoning attacks."" Advances in neural information processing … Targeted backdoor attacks on deep learning systems using data poisoning."" arXiv preprint …","http://www.injoit.ru/index.php/j1/article/viewFile/1517/1407","https://scholar.google.com/scholar?q=related:YD0NqMRfWZoJ:scholar.google.com/&scioq=data+poisoning&hl=en&as_sdt=2007"
53,"F Nuding, R Mayer","Data poisoning in sequential and parallel federated learning",2022,"Proceedings of the 2022 ACM on international …","dl.acm.org","https://dl.acm.org/doi/abs/10.1145/3510548.3519372","https://scholar.google.com/scholar?cites=3908232965127911284&as_sdt=2005&sciodt=2007&hl=en",104,"2026-01-28 13:54:56","","10.1145/3510548.3519372","",,,,,,53,13.25,27,2,4,"… can increase privacy of sensitive data, as the data itself is never … In this paper, we evaluate data poisoning attacks in … , but is indeed vulnerable to data poisoning attacks. We test both a …","https://dl.acm.org/doi/pdf/10.1145/3510548.3519372","https://scholar.google.com/scholar?q=related:dLfr0SzVPDYJ:scholar.google.com/&scioq=data+poisoning&hl=en&as_sdt=2007"
17,"V Raghavan, T Mazzuchi, S Sarkani","An improved real time detection of data poisoning attacks in deep learning vision systems",2022,"Discover Artificial Intelligence","Springer","https://link.springer.com/article/10.1007/s44163-022-00035-3","https://scholar.google.com/scholar?cites=3442095409543262901&as_sdt=2005&sciodt=2007&hl=en",105,"2026-01-28 13:54:56","","10.1007/s44163-022-00035-3","",,,,,,17,4.25,6,3,4,"… In this paper, we present the fundamentals of data poisoning … posed by a real-world data poisoning attack on a deep learning … the risks posed by poisoning the training data are similar. …","https://link.springer.com/content/pdf/10.1007/s44163-022-00035-3.pdf","https://scholar.google.com/scholar?q=related:tTLUuInHxC8J:scholar.google.com/&scioq=data+poisoning&hl=en&as_sdt=2007"
27,"Y Lu, G Kamath, Y Yu","Exploring the limits of model-targeted indiscriminate data poisoning attacks",2023,"International Conference on …","proceedings.mlr.press","https://proceedings.mlr.press/v202/lu23e.html","https://scholar.google.com/scholar?cites=11301529468139009725&as_sdt=2005&sciodt=2007&hl=en",106,"2026-01-28 13:54:56","","","",,,,,,27,9.00,9,3,3,"… required2, and we say data poisoning is successful if any w ∈ W is (λ-) poisoning reachable. (b) … aspects of data poisoning, ie, how efficiently we can find such a poisoning distribution ν (…","https://proceedings.mlr.press/v202/lu23e/lu23e.pdf","https://scholar.google.com/scholar?q=related:vfYIVywZ15wJ:scholar.google.com/&scioq=data+poisoning&hl=en&as_sdt=2007"
14,"Y Zeng, M Pan, H Jahagirdar, M Jin, L Lyu…","How to sift out a clean data subset in the presence of data poisoning?",2022,"arXiv preprint arXiv …","arxiv.org","https://arxiv.org/abs/2210.06516","https://scholar.google.com/scholar?cites=5387466779119533154&as_sdt=2005&sciodt=2007&hl=en",107,"2026-01-28 13:54:56","","","",,,,,,14,3.50,2,6,4,"… data manipulation. In particular, it includes both the attacks that interfere only with training data and … Within the scope of this paper, we divide existing data poisoning attacks into three …","https://arxiv.org/pdf/2210.06516","https://scholar.google.com/scholar?q=related:Yjyj2H0gxEoJ:scholar.google.com/&scioq=data+poisoning&hl=en&as_sdt=2007"
90,"J Lin, L Dang, M Rahouti, K Xiong","ML attack models: Adversarial attacks and data poisoning attacks",2021,"arXiv preprint arXiv:2112.02797","arxiv.org","https://arxiv.org/abs/2112.02797","https://scholar.google.com/scholar?cites=18023543862925700965&as_sdt=2005&sciodt=2007&hl=en",108,"2026-01-28 13:54:56","","","",,,,,,90,18.00,23,4,5,"… to data poisoning threats [13, 14] as data poisoning attacks are often difficult to be detected [15, 16]. This chapter will present adversarial attacks and data poisoning … and data poisoning …","https://arxiv.org/pdf/2112.02797","https://scholar.google.com/scholar?q=related:Za9bh6Z9IPoJ:scholar.google.com/&scioq=data+poisoning&hl=en&as_sdt=2007"
22,"H Zhang, Y Li, B Ding, J Gao","LOKI: A practical data poisoning attack framework against next item recommendations",2022,"… on Knowledge and Data …","ieeexplore.ieee.org","https://ieeexplore.ieee.org/abstract/document/9806383/","https://scholar.google.com/scholar?cites=1085360861851617810&as_sdt=2005&sciodt=2007&hl=en",109,"2026-01-28 13:54:56","","","",,,,,,22,5.50,6,4,4,"… from two aspects: general data poisoning attacks and poisoning attacks against recommendation systems. Data Poisoning Attacks: Data poisoning attacks against machine learning …","https://ieeexplore.ieee.org/ielaam/69/10091694/9806383-aam.pdf","https://scholar.google.com/scholar?q=related:EgrHD_T5Dw8J:scholar.google.com/&scioq=data+poisoning&hl=en&as_sdt=2007"
24,"Z Zheng, Z Li, C Huang, S Long, M Li…","Data poisoning attacks and defenses to LDP-based privacy-preserving crowdsensing",2024,"IEEE Transactions on …","ieeexplore.ieee.org","https://ieeexplore.ieee.org/abstract/document/10423870/","https://scholar.google.com/scholar?cites=15276649107930841319&as_sdt=2005&sciodt=2007&hl=en",110,"2026-01-28 13:54:56","","","",,,,,,24,12.00,4,6,2,"… data poisoning attacks and their defenses in local differential privacy (LDP)-based crowdsensing systems. First, we construct data poisoning … the success of data poisoning attacks, and …","","https://scholar.google.com/scholar?q=related:54CBrGyPAdQJ:scholar.google.com/&scioq=data+poisoning&hl=en&as_sdt=2007"
4,"N Alex, SA Siddiqui, A Sanyal, D Krueger","Protecting against simultaneous data poisoning attacks",2024,"arXiv preprint arXiv …","arxiv.org","https://arxiv.org/abs/2408.13221","https://scholar.google.com/scholar?cites=11518461213853544132&as_sdt=2005&sciodt=2007&hl=en",111,"2026-01-28 13:54:56","","","",,,,,,4,2.00,1,4,2,"… on the data poisoning setting, where the attacker manipulates a subset of the data to later control the model by injecting a feature of their choice. Early data poisoning attacks modified …","https://arxiv.org/pdf/2408.13221?","https://scholar.google.com/scholar?q=related:xO7aUnLL2Z8J:scholar.google.com/&scioq=data+poisoning&hl=en&as_sdt=2007"
27,"S Jiang, SR Kadhe, Y Zhou, L Cai…","Forcing generative models to degenerate ones: The power of data poisoning attacks",2023,"arXiv preprint arXiv …","arxiv.org","https://arxiv.org/abs/2312.04748","https://scholar.google.com/scholar?cites=3093386520655348113&as_sdt=2005&sciodt=2007&hl=en",112,"2026-01-28 13:54:56","","","",,,,,,27,9.00,5,5,3,"… In this section, we demonstrate the effectiveness of our designed data poisoning attacks on poisoning LLMs during fine tuning for two NLG tasks: text summarization and text completion. …","https://arxiv.org/pdf/2312.04748","https://scholar.google.com/scholar?q=related:kcGkrKbq7SoJ:scholar.google.com/&scioq=data+poisoning&hl=en&as_sdt=2007"
21,"K Li, C Baird, D Lin","Defend data poisoning attacks on voice authentication",2023,"IEEE Transactions on Dependable and …","ieeexplore.ieee.org","https://ieeexplore.ieee.org/abstract/document/10163863/","https://scholar.google.com/scholar?cites=5331433319072360066&as_sdt=2005&sciodt=2007&hl=en",113,"2026-01-28 13:54:56","","","",,,,,,21,7.00,7,3,3,"… differences between the image data and voice data. Also, it … targeted data poisoning attack since the poisoned data is still … In this work, we aim to tackle a challenging data poisoning …","https://arxiv.org/pdf/2209.04547","https://scholar.google.com/scholar?q=related:gmb9RlsO_UkJ:scholar.google.com/&scioq=data+poisoning&hl=en&as_sdt=2007"
23,"J Jia, Y Liu, Y Hu, NZ Gong","{PORE}: Provably robust recommender systems against data poisoning attacks",2023,"32nd USENIX Security Symposium …","usenix.org","https://www.usenix.org/conference/usenixsecurity23/presentation/jia","https://scholar.google.com/scholar?cites=15877807563102282255&as_sdt=2005&sciodt=2007&hl=en",114,"2026-01-28 13:54:56","","","",,,,,,23,7.67,6,4,3,"… Data poisoning attacks spoof a recommender system to … We envision a cat-and-mouse game for such data poisoning … robust against any untargeted data poisoning attacks, which aim to …","https://www.usenix.org/system/files/usenixsecurity23-jia.pdf","https://scholar.google.com/scholar?q=related:D-K4utpNWdwJ:scholar.google.com/&scioq=data+poisoning&hl=en&as_sdt=2007"
34,"S Farhadkhani, R Guerraoui…","An equivalence between data poisoning and byzantine gradient attacks",2022,"… on Machine Learning","proceedings.mlr.press","http://proceedings.mlr.press/v162/farhadkhani22b.html","https://scholar.google.com/scholar?cites=15814948581438408162&as_sdt=2005&sciodt=2007&hl=en",115,"2026-01-28 13:54:56","","","",,,,,,34,8.50,11,3,4,"… gradient attack can be reduced to data poisoning, in any personalized federated … data, the more vulnerable any “robust” learning algorithm is. Also, we derive concrete data poisoning …","https://proceedings.mlr.press/v162/farhadkhani22b/farhadkhani22b.pdf","https://scholar.google.com/scholar?q=related:4kW0kfH7edsJ:scholar.google.com/&scioq=data+poisoning&hl=en&as_sdt=2007"
114,"S Zhai, Y Dong, Q Shen, S Pu, Y Fang…","Text-to-image diffusion models can be easily backdoored through multimodal data poisoning",2023,"Proceedings of the 31st …","dl.acm.org","https://dl.acm.org/doi/abs/10.1145/3581783.3612108","https://scholar.google.com/scholar?cites=11918839507988560040&as_sdt=2005&sciodt=2007&hl=en",116,"2026-01-28 13:54:56","","10.1145/3581783.3612108","",,,,,,114,38.00,19,6,3,"… can leverage backdoor attack to detect unauthorized data usage [41]. Researchers have … process through multimodal data poisoning. Differing from the vanilla poisoning method, a …","https://dl.acm.org/doi/pdf/10.1145/3581783.3612108","https://scholar.google.com/scholar?q=related:qLiMQGI5aKUJ:scholar.google.com/&scioq=data+poisoning&hl=en&as_sdt=2007"
42,"TY Liu, Y Yang…","Friendly noise against adversarial noise: a powerful defense against data poisoning attack",2022,"Advances in Neural …","proceedings.neurips.cc","https://proceedings.neurips.cc/paper_files/paper/2022/hash/4e81308aa2eb8e2e4eccf122d4827af7-Abstract-Conference.html","https://scholar.google.com/scholar?cites=11428888975258917125&as_sdt=2005&sciodt=2007&hl=en",117,"2026-01-28 13:54:56","","","",,,,,,42,10.50,14,3,4,"… and cannot protect the system against various types of data poisoning attacks [11, 27, 38]. … data poisoning attacks. In particular, we make the following key observation: data poisoning …","https://proceedings.neurips.cc/paper_files/paper/2022/file/4e81308aa2eb8e2e4eccf122d4827af7-Paper-Conference.pdf","https://scholar.google.com/scholar?q=related:BZmvW_iRm54J:scholar.google.com/&scioq=data+poisoning&hl=en&as_sdt=2007"
1,"X Li, N Li, B Wang, W Sun","Mitigating data poisoning attacks to local differential privacy",2025,"Proceedings of the 2025 ACM SIGSAC …","dl.acm.org","https://dl.acm.org/doi/abs/10.1145/3719027.3744839","https://scholar.google.com/scholar?cites=11464618858877608926&as_sdt=2005&sciodt=2007&hl=en",118,"2026-01-28 13:54:56","","10.1145/3719027.3744839","",,,,,,1,1.00,0,4,1,"… In this work, we further study utility recovery under the data poisoning attack. We propose a novel LDP post-processing method, robust segment normalization, and empirically study the …","https://dl.acm.org/doi/pdf/10.1145/3719027.3744839","https://scholar.google.com/scholar?q=related:3uOkKByCGp8J:scholar.google.com/&scioq=data+poisoning&hl=en&as_sdt=2007"
69,"L Chen, Y Xu, F Xie, M Huang…","Data poisoning attacks on neighborhood‐based recommender systems",2021,"Transactions on …","Wiley Online Library","https://onlinelibrary.wiley.com/doi/abs/10.1002/ett.3872","https://scholar.google.com/scholar?cites=1123487222326518254&as_sdt=2005&sciodt=2007&hl=en",119,"2026-01-28 13:54:56","","10.1002/ett.3872","",,,,,,69,13.80,14,5,5,"… design an optimal data poisoning attack based … data poisoning attack to test its robustness is an urgent and important issue. With this motivation, we propose an optimal data poisoning …","https://onlinelibrary.wiley.com/doi/am-pdf/10.1002/ett.3872","https://scholar.google.com/scholar?q=related:7mF2HK1tlw8J:scholar.google.com/&scioq=data+poisoning&hl=en&as_sdt=2007"
22,"S Wadhwa, S Agrawal, H Chaudhari…","Data poisoning attacks against differentially private recommender systems",2020,"Proceedings of the 43rd …","dl.acm.org","https://dl.acm.org/doi/abs/10.1145/3397271.3401301","https://scholar.google.com/scholar?cites=8771245183092618276&as_sdt=2005&sciodt=2007&hl=en",120,"2026-01-28 13:54:56","","10.1145/3397271.3401301","",,,,,,22,3.67,6,4,6,"… as a defense technique against data poisoning attacks on … utility for a given data poisoning attack objective, and derive … the difference in impact of data poisoning between typical matrix …","https://dl.acm.org/doi/pdf/10.1145/3397271.3401301","https://scholar.google.com/scholar?q=related:JHQXoAW5uXkJ:scholar.google.com/&scioq=data+poisoning&hl=en&as_sdt=2007"
12,"L Adomaitis, R Oak","Ethics of adversarial machine learning and data poisoning",2023,"Digital Society","Springer","https://link.springer.com/article/10.1007/s44206-023-00039-1","https://scholar.google.com/scholar?cites=11750185858150654455&as_sdt=2005&sciodt=2007&hl=en",121,"2026-01-28 13:54:56","","10.1007/s44206-023-00039-1","",,,,,,12,4.00,6,2,3,"… We conclude that obfuscation by data poisoning can be justified in facial recognition but not in the medical case. We motivate our conclusion by employing psychological arguments …","","https://scholar.google.com/scholar?q=related:92HjZ8gLEaMJ:scholar.google.com/&scioq=data+poisoning&hl=en&as_sdt=2007"
31,"K Huang, G Ouyang, Q Ye, H Hu…","LDPGuard: Defenses against data poisoning attacks to local differential privacy protocols",2024,"… Knowledge and Data …","ieeexplore.ieee.org","https://ieeexplore.ieee.org/abstract/document/10415225/","https://scholar.google.com/scholar?cites=18273251454328264284&as_sdt=2005&sciodt=2007&hl=en",122,"2026-01-28 13:54:56","","","",,,,,,31,15.50,6,5,2,"… on improving data utility but may be exposed to data poisoning attacks, which are injected by attackers who introduce fake users to LDP protocols to craft the data and manipulate the …","","https://scholar.google.com/scholar?q=related:XFagwmGhl_0J:scholar.google.com/&scioq=data+poisoning&hl=en&as_sdt=2007"
10,"Y Li, J Wang, C Wang","Systematic testing of the data-poisoning robustness of KNN",2023,"Proceedings of the 32nd ACM SIGSOFT …","dl.acm.org","https://dl.acm.org/doi/abs/10.1145/3597926.3598129","https://scholar.google.com/scholar?cites=8176802864600565569&as_sdt=2005&sciodt=2007&hl=en",123,"2026-01-28 13:54:56","","10.1145/3597926.3598129","",,,,,,10,3.33,3,3,3,"… Data poisoning aims to compromise a machine learning … Existing methods for deciding data-poisoning robustness have … falsify as well as certify data-poisoning robustness for a widely …","https://dl.acm.org/doi/pdf/10.1145/3597926.3598129","https://scholar.google.com/scholar?q=related:Qcfp_uHWeXEJ:scholar.google.com/&scioq=data+poisoning&hl=en&as_sdt=2007"
4,"H Fang, Y Qiu, G Qin, J Zhang, K Chen…","DP2Dataset Protection by Data Poisoning",2022,"… on Dependable and …","ieeexplore.ieee.org","https://ieeexplore.ieee.org/abstract/document/9978676/","https://scholar.google.com/scholar?cites=5164711307307050359&as_sdt=2005&sciodt=2007&hl=en",124,"2026-01-28 13:54:56","","","",,,,,,4,1.00,1,6,4,"… Stealthiness, which ensures that the poisoned data will not … a novel data protection method by data poisoning dubbed DP2 … a poisoning mechanism that consists of a poisoning process …","","https://scholar.google.com/scholar?q=related:d-V695G9rEcJ:scholar.google.com/&scioq=data+poisoning&hl=en&as_sdt=2007"
14,"M Aljanabi, H Ahmad","Navigating the void: Uncovering research gaps in the detection of data poisoning attacks in federated learning-based big data processing: A systematic literature …",2023,"… Journal of Big Data","journals.mesopotamian.press","https://journals.mesopotamian.press/index.php/bigdata/article/view/202","https://scholar.google.com/scholar?cites=14584452290255638712&as_sdt=2005&sciodt=2007&hl=en",125,"2026-01-28 13:54:56","","","",,,,,,14,4.67,7,2,3,"… of federated learning, big data processing, and data poisoning attacks. Employing a … of data poisoning attacks specifically in the context of federated learning when processing big data. …","https://journals.mesopotamian.press/index.php/bigdata/article/download/202/193","https://scholar.google.com/scholar?q=related:uNBRFBZiZsoJ:scholar.google.com/&scioq=data+poisoning&hl=en&as_sdt=2007"
22,"Y Chen, Y Mao, H Liang, S Yu, Y Wei, S Leng","Data poison detection schemes for distributed machine learning",2019,"IEEE Access","ieeexplore.ieee.org","https://ieeexplore.ieee.org/abstract/document/8943404/","https://scholar.google.com/scholar?cites=17236050308647262305&as_sdt=2005&sciodt=2007&hl=en",126,"2026-01-28 13:54:56","","","",,,,,,22,3.14,4,6,7,"… a data poison detection scheme for basic-DML, based on a so-called cross-learning data as… For semi-DML, we propose an improved data poison detection scheme, which can provide …","https://ieeexplore.ieee.org/iel7/6287639/6514899/08943404.pdf","https://scholar.google.com/scholar?q=related:YZiuaW_AMu8J:scholar.google.com/&scioq=data+poisoning&hl=en&as_sdt=2007"
18,"S Gajbhiye, P Singh, S Gupta","Data poisoning attack by label flipping on splitfed learning",2022,"… Conference on Recent Trends in Image …","Springer","https://link.springer.com/chapter/10.1007/978-3-031-23599-3_30","https://scholar.google.com/scholar?cites=2947077140153728435&as_sdt=2005&sciodt=2007&hl=en",127,"2026-01-28 13:54:56","","10.1007/978-3-031-23599-3_30","",,,,,,18,4.50,6,3,4,"… untargeted data poisoning attacks on SFL. Through our empirical data, we observe that untargeted attacks cause a higher drop in model accuracy compared to targeted data poisoning …","","https://scholar.google.com/scholar?q=related:s32JcAsf5igJ:scholar.google.com/&scioq=data+poisoning&hl=en&as_sdt=2007"
18,"P Sosnin, MN Müller, M Baader, C Tsay…","Certified robustness to data poisoning in gradient-based training",2024,"arXiv preprint arXiv …","arxiv.org","https://arxiv.org/abs/2406.05670","https://scholar.google.com/scholar?cites=11485872216462703536&as_sdt=2005&sciodt=2007&hl=en",128,"2026-01-28 13:54:56","","","",,,,,,18,9.00,4,5,2,"… Given this abstraction of model training, we now turn to developing an abstraction of the data poisoning attacks, defining their capabilities to adversarially manipulate the training input. …","https://arxiv.org/pdf/2406.05670?","https://scholar.google.com/scholar?q=related:sLvJFe0DZp8J:scholar.google.com/&scioq=data+poisoning&hl=en&as_sdt=2007"
94,"P Gupta, K Yadav, BB Gupta, M Alazab…","A novel data poisoning attack in federated learning based on inverted loss function",2023,"Computers & …","Elsevier","https://www.sciencedirect.com/science/article/pii/S0167404823001803","https://scholar.google.com/scholar?cites=11588308660571959918&as_sdt=2005&sciodt=2007&hl=en",129,"2026-01-28 13:54:56","","","",,,,,,94,31.33,19,5,3,"… Data poisoning attack is one of the common attacks that … The mechanism used in most of the existing data poisoning … In our approach, we have come with a new data poisoning attack …","","https://scholar.google.com/scholar?q=related:bnL5TFTx0aAJ:scholar.google.com/&scioq=data+poisoning&hl=en&as_sdt=2007"
61,"R Doku, DB Rawat","Mitigating data poisoning attacks on a federated learning-edge computing network",2021,"2021 IEEE 18th Annual Consumer …","ieeexplore.ieee.org","https://ieeexplore.ieee.org/abstract/document/9369581/","https://scholar.google.com/scholar?cites=8518221032673449882&as_sdt=2005&sciodt=2007&hl=en",130,"2026-01-28 13:54:56","","","",,,,,,61,12.20,31,2,5,"… local data has potential risks such as a participant poisoning the model using malicious data … In this paper, an approach to mitigate data poisoning attacks in a federated learning setting …","https://par.nsf.gov/servlets/purl/10279536","https://scholar.google.com/scholar?q=related:mhfD0uXMNnYJ:scholar.google.com/&scioq=data+poisoning&hl=en&as_sdt=2007"
27,"M Aljanabi, SY Mohammed…","Detecting data poisoning attacks in federated learning for healthcare applications using deep learning",2023,"Iraqi Journal for …","ijcsm.researchcommons.org","https://ijcsm.researchcommons.org/ijcsm/vol4/iss4/18/","https://scholar.google.com/scholar?cites=18048706953578426596&as_sdt=2005&sciodt=2007&hl=en",131,"2026-01-28 13:54:56","","","",,,,,,27,9.00,9,3,3,"… identify the threats of data poisoning in federated learning is … , private, and immune to data poisoning. This work provides a … and pays attention to protecting data privacy and security in …","https://ijcsm.researchcommons.org/cgi/viewcontent.cgi?article=1118&context=ijcsm","https://scholar.google.com/scholar?q=related:5DAqH1njefoJ:scholar.google.com/&scioq=data+poisoning&hl=en&as_sdt=2007"
87,"W Wang, AJ Levine, S Feizi","Improved certified defenses against data poisoning with (deterministic) finite aggregation",2022,"International Conference on …","proceedings.mlr.press","https://proceedings.mlr.press/v162/wang22m.html","https://scholar.google.com/scholar?cites=13385935402210758494&as_sdt=2005&sciodt=2007&hl=en",132,"2026-01-28 13:54:56","","","",,,,,,87,21.75,29,3,4,"… While the richness of data sources greatly facilitates the … This makes the data poisoning threat model, which concerns … In this work, we use a general formulation of data poisoning …","https://proceedings.mlr.press/v162/wang22m/wang22m.pdf","https://scholar.google.com/scholar?q=related:Xg8Zm1NlxLkJ:scholar.google.com/&scioq=data+poisoning&hl=en&as_sdt=2007"
39,"E Nowroozi, I Haider, R Taheri…","Federated learning under attack: Exposing vulnerabilities through data poisoning attacks in computer networks",2025,"IEEE Transactions on …","ieeexplore.ieee.org","https://ieeexplore.ieee.org/abstract/document/10821483/","https://scholar.google.com/scholar?cites=14847622317343530964&as_sdt=2005&sciodt=2007&hl=en",133,"2026-01-28 13:54:56","","","",,,,,,39,39.00,10,4,1,"… The FL setup with ten clients and a server explores how data poisoning threats affect … poisoning scenarios for both datasets. Our findings underscore the effectiveness of data poisoning …","https://arxiv.org/pdf/2403.02983","https://scholar.google.com/scholar?q=related:1F9s4NRZDc4J:scholar.google.com/&scioq=data+poisoning&hl=en&as_sdt=2007"
62,"J Cloarec","Privacy controls as an information source to reduce data poisoning in artificial intelligence-powered personalization",2022,"Journal of Business Research","Elsevier","https://www.sciencedirect.com/science/article/pii/S0148296322006555","https://scholar.google.com/scholar?cites=7837305240841634921&as_sdt=2005&sciodt=2007&hl=en",134,"2026-01-28 13:54:56","","","",,,,,,62,15.50,62,1,4,"The latest advances in data-driven marketing, such as real-time personalization, have increasingly made consumers more vulnerable. In response, some consumers deliberately falsify …","https://www.sciencedirect.com/science/article/am/pii/S0148296322006555","https://scholar.google.com/scholar?q=related:aUSsvJezw2wJ:scholar.google.com/&scioq=data+poisoning&hl=en&as_sdt=2007"
31,"K Psychogyios, TH Velivassaki, S Bourou, A Voulkidis…","GAN-driven data poisoning attacks and their mitigation in federated learning systems",2023,"Electronics","mdpi.com","https://www.mdpi.com/2079-9292/12/8/1805","https://scholar.google.com/scholar?cites=13598444162047478386&as_sdt=2005&sciodt=2007&hl=en",135,"2026-01-28 13:54:56","HTML","","",,,,,,31,10.33,6,5,3,"… to data or model poisoning attacks where the data or model parameters, respectively, may be altered. In this paper, we investigate the data poisoning … variants of data poisoning attacks, …","https://www.mdpi.com/2079-9292/12/8/1805","https://scholar.google.com/scholar?q=related:cgrT8Opgt7wJ:scholar.google.com/&scioq=data+poisoning&hl=en&as_sdt=2007"
39,"R Wen, Z Zhao, Z Liu, M Backes, T Wang, Y Zhang","Is adversarial training really a silver bullet for mitigating data poisoning?",2023,"","publications.cispa.de","https://publications.cispa.de/articles/conference_contribution/Is_Adversarial_Training_Really_a_Silver_Bullet_for_Mitigating_Data_Poisoning_/25195511","https://scholar.google.com/scholar?cites=14083805153482228529&as_sdt=2005&sciodt=2007&hl=en",136,"2026-01-28 13:54:56","","","",,,,,,39,13.00,7,6,3,"… However, in this paper, we challenge this consensus by rethinking data poisoning from a fundamentally new perspective. Specifically, we introduce a new poisoning approach that …","https://publications.cispa.de/articles/conference_contribution/Is_Adversarial_Training_Really_a_Silver_Bullet_for_Mitigating_Data_Poisoning_/25195511/1/files/44481278.pdf","https://scholar.google.com/scholar?q=related:McMf-yq6c8MJ:scholar.google.com/&scioq=data+poisoning&hl=en&as_sdt=2007"
3,"PR Ovi, A Gangopadhyay","Robust federated learning against data poisoning attacks: Prevention and detection of attacked nodes",2025,"Electronics","mdpi.com","https://www.mdpi.com/2079-9292/14/15/2970","https://scholar.google.com/scholar?cites=1950603381035894396&as_sdt=2005&sciodt=2007&hl=en",137,"2026-01-28 13:54:56","HTML","","",,,,,,3,3.00,2,2,1,"… the effect of data poisoning attacks in federated training. In data poisoning attacks, it is assumed that attackers/malicious participants manipulate the local training data on their local …","https://www.mdpi.com/2079-9292/14/15/2970","https://scholar.google.com/scholar?q=related:fAZSuHDvERsJ:scholar.google.com/&scioq=data+poisoning&hl=en&as_sdt=2007"
26,"K Rezaei, K Banihashem…","Run-off election: Improved provable defense against data poisoning attacks",2023,"… on Machine Learning","proceedings.mlr.press","http://proceedings.mlr.press/v202/rezaei23a.html","https://scholar.google.com/scholar?cites=667933996999044322&as_sdt=2005&sciodt=2007&hl=en",138,"2026-01-28 13:54:56","","","",,,,,,26,8.67,9,3,3,"… In this work, we focus on (pointwise) certified robustness against data poisoning and assume a general poisoning model where the adversary may insert, delete, or modify any images. …","https://proceedings.mlr.press/v202/rezaei23a/rezaei23a.pdf","https://scholar.google.com/scholar?q=related:4uyIcG76RAkJ:scholar.google.com/&scioq=data+poisoning&hl=en&as_sdt=2007"
84,"AE Cinà, K Grosse, A Demontis, B Biggio, F Roli…","Machine learning security against data poisoning: Are we there yet?",2024,"Computer","ieeexplore.ieee.org","https://ieeexplore.ieee.org/abstract/document/10461694/","https://scholar.google.com/scholar?cites=7834908279704113650&as_sdt=2005&sciodt=2007&hl=en",139,"2026-01-28 13:54:56","","","",,,,,,84,42.00,14,6,2,"… on data poisoning attacks, we focus more here on 1) the interplay between data poisoning … be implemented to protect ML systems against poisoning attacks. We conclude by discussing …","https://arxiv.org/pdf/2204.05986","https://scholar.google.com/scholar?q=related:8tGHu5Evu2wJ:scholar.google.com/&scioq=data+poisoning&hl=en&as_sdt=2007"
9,"CJ Lin","Building resilient AI models against data poisoning attacks",2022,"Multidisciplinary Studies and Innovative Research","allscoperesearch.com","https://allscoperesearch.com/index.php/MSI/article/view/10","https://scholar.google.com/scholar?cites=8276819348881308364&as_sdt=2005&sciodt=2007&hl=en",140,"2026-01-28 13:54:56","","","",,,,,,9,2.25,9,1,4,"… has heightened concerns about data poisoning attacks that compromise model reliability. Data poisoning refers to the intentional manipulation of training data to degrade model …","https://allscoperesearch.com/index.php/MSI/article/download/10/20","https://scholar.google.com/scholar?q=related:zHomaFgr3XIJ:scholar.google.com/&scioq=data+poisoning&hl=en&as_sdt=2007"
12,"P Chen, Y Yang, D Yang, H Sun, Z Chen, P Lin","Black-Box Data Poisoning Attacks on Crowdsourcing.",2023,"IJCAI","ijcai.org","https://www.ijcai.org/proceedings/2023/0332.pdf","https://scholar.google.com/scholar?cites=8493135649576316096&as_sdt=2005&sciodt=2007&hl=en",141,"2026-01-28 13:54:56","PDF","","",,,,,,12,4.00,2,6,3,"… aggregation against data poisoning attacks is key to ensuring data quality in crowdsourced … This paper introduces a blackbox data poisoning attack framework that finds the optimal …","https://www.ijcai.org/proceedings/2023/0332.pdf","https://scholar.google.com/scholar?q=related:wOwz7t-t3XUJ:scholar.google.com/&scioq=data+poisoning&hl=en&as_sdt=2007"
17,"Y Tian, W Zhang, A Simpson, Y Liu…","Defending against data poisoning attacks: from distributed learning to federated learning",2021,"The Computer …","ieeexplore.ieee.org","https://ieeexplore.ieee.org/abstract/document/10084429/","https://scholar.google.com/scholar?cites=15439563433183291237&as_sdt=2005&sciodt=2007&hl=en",142,"2026-01-28 13:54:56","","","",,,,,,17,3.40,3,5,5,"… In Section 5, we discuss the key challenges in defending against data poisoning attacks in FL environment. Section 6 introduces the proposed defense and demonstrates its …","https://ora.ox.ac.uk/objects/uuid:43d3bfba-47b5-44ef-b185-fa256971e00f/files/sqj72p7980","https://scholar.google.com/scholar?q=related:ZScA4iNZRNYJ:scholar.google.com/&scioq=data+poisoning&hl=en&as_sdt=2007"
31,"C Yin, Q Zeng","Defending against data poisoning attack in federated learning with non-IID data",2023,"IEEE transactions on computational social …","ieeexplore.ieee.org","https://ieeexplore.ieee.org/abstract/document/10198397/","https://scholar.google.com/scholar?cites=15923017944275836699&as_sdt=2005&sciodt=2007&hl=en",143,"2026-01-28 13:54:56","","","",,,,,,31,10.33,16,2,3,"… the impact of data poisoning attacks without significantly … data poisoning attacks against FL can have a worse impact on the global model when the client’s local dataset is non-IID data…","","https://scholar.google.com/scholar?q=related:G1-74HTs-dwJ:scholar.google.com/&scioq=data+poisoning&hl=en&as_sdt=2007"
25,"V Terziyan, M Golovianko…","Industry 4.0 intelligence under attack: From cognitive hack to data poisoning",2018,"Cyber Defence in Industry …","ebooks.iospress.nl","https://ebooks.iospress.nl/volumearticle/50290","https://scholar.google.com/scholar?cites=5441871452861685592&as_sdt=2005&sciodt=2007&hl=en",144,"2026-01-28 13:54:56","","","",,,,,,25,3.13,8,3,8,"… Our focus is data poisoning attacks caused by adversarial … how minor targeted data poisoning can produce areas of … The first experiment of data poisoning is an injection of one …","https://jyx.jyu.fi/bitstreams/8faecb65-0dfa-4b3e-8576-6914a8574189/download","https://scholar.google.com/scholar?q=related:WN8oDUFphUsJ:scholar.google.com/&scioq=data+poisoning&hl=en&as_sdt=2007"
38,"Y Lu, G Kamath, Y Yu","Indiscriminate data poisoning attacks on neural networks",2022,"arXiv preprint arXiv:2204.09092","arxiv.org","https://arxiv.org/abs/2204.09092","https://scholar.google.com/scholar?cites=5039361355440580415&as_sdt=2005&sciodt=2007&hl=en",145,"2026-01-28 13:54:56","","","",,,,,,38,9.50,13,3,4,"… data poisoning attacks on deep neural works is still largely missing—a gap we aim to fill in this work. To address this difficult problem, we design more versatile data poisoning attacks …","https://arxiv.org/pdf/2204.09092","https://scholar.google.com/scholar?q=related:P-fd_XNo70UJ:scholar.google.com/&scioq=data+poisoning&hl=en&as_sdt=2007"
5,"N Agah, J Mohammadi, A Aved, D Ferris…","Data poisoning: an overlooked threat to power grid resilience",2024,"… on Dynamic Data …","Springer","https://link.springer.com/chapter/10.1007/978-3-031-94895-4_20","https://scholar.google.com/scholar?cites=843080073343504387&as_sdt=2005&sciodt=2007&hl=en",146,"2026-01-28 13:54:56","","10.1007/978-3-031-94895-4_20","",,,,,,5,2.50,1,5,2,"… Finally, we will examine the impacts of data poisoning … data injection attacks and data poisoning, but data poisoning … , while false data injection did not. As discussed in these papers, …","https://arxiv.org/pdf/2407.14684","https://scholar.google.com/scholar?q=related:A5DZINw4swsJ:scholar.google.com/&scioq=data+poisoning&hl=en&as_sdt=2007"
15,"GF Monkam, MJ De Lucia, ND Bastian","A topological data analysis approach for detecting data poisoning attacks against machine learning based network intrusion detection systems",2024,"Computers &Security","Elsevier","https://www.sciencedirect.com/science/article/pii/S0167404824002323","https://scholar.google.com/scholar?cites=13805728374823143468&as_sdt=2005&sciodt=2007&hl=en",147,"2026-01-28 13:54:56","","","",,,,,,15,7.50,5,3,2,"… Data poisoning attacks pose a significant security risk to network … data poisoning attacks proves to be a challenging task, as attackers employ subtle alterations in the training data to …","https://papers.ssrn.com/sol3/Delivery.cfm?abstractid=4640844","https://scholar.google.com/scholar?q=related:LEjdns_Ml78J:scholar.google.com/&scioq=data+poisoning&hl=en&as_sdt=2007"
23,"F Khan, RL Kumar, MH Abidi, S Kadry, H Alkhalefah…","Federated split learning model for industry 5.0: A data poisoning defense for edge computing",2022,"Electronics","mdpi.com","https://www.mdpi.com/2079-9292/11/15/2393","https://scholar.google.com/scholar?cites=10863141366268039955&as_sdt=2005&sciodt=2007&hl=en",148,"2026-01-28 13:54:56","HTML","","",,,,,,23,5.75,4,6,4,"… data to distort the learned model in a data poisoning attack. This research provides an effective data poisoning … This paper developed a novel data poisoning defense federated split …","https://www.mdpi.com/2079-9292/11/15/2393","https://scholar.google.com/scholar?q=related:ExNCaYShwZYJ:scholar.google.com/&scioq=data+poisoning&hl=en&as_sdt=2007"
31,"A Takiddin, M Ismail, R Atat, KR Davis…","Robust graph autoencoder-based detection of false data injection attacks against data poisoning in smart grids",2023,"IEEE Transactions on …","ieeexplore.ieee.org","https://ieeexplore.ieee.org/abstract/document/10154127/","https://scholar.google.com/scholar?cites=1535616578552810346&as_sdt=2005&sciodt=2007&hl=en",149,"2026-01-28 13:54:56","","","",,,,,,31,10.33,6,5,3,"… We propose a robust detector against data poisoning and correctly labeled FDIAs based on a CR-GAE model that exhibits the following features. First, it offers topologyaware detection …","https://par.nsf.gov/servlets/purl/10430793","https://scholar.google.com/scholar?q=related:akvXYySbTxUJ:scholar.google.com/&scioq=data+poisoning&hl=en&as_sdt=2007"
20,"P Banerjee, L Chu, Y Zhang…","Stealthy targeted data poisoning attack on knowledge graphs",2021,"… Conference on Data …","ieeexplore.ieee.org","https://ieeexplore.ieee.org/abstract/document/9458733/","https://scholar.google.com/scholar?cites=11156616976846866186&as_sdt=2005&sciodt=2007&hl=en",150,"2026-01-28 13:54:56","","","",,,,,,20,4.00,5,4,5,"… ], [6], knowledge graphs are susceptible to data poisoning attacks, whereby an attacker can … In this paper, we are specifically interested in targeted data poisoning attack [5]. In this attack…","https://lingyangchu.github.io/Papers/ICDE21_Stealthy.pdf","https://scholar.google.com/scholar?q=related:CscMuAdE1JoJ:scholar.google.com/&scioq=data+poisoning&hl=en&as_sdt=2007"
77,"S Shan, AN Bhagoji, H Zheng, BY Zhao","Poison forensics: Traceback of data poisoning attacks in neural networks",2022,"31st USENIX Security …","usenix.org","https://www.usenix.org/conference/usenixsecurity22/presentation/shan","https://scholar.google.com/scholar?cites=8387124143455654142&as_sdt=2005&sciodt=2007&hl=en",151,"2026-01-28 13:54:56","","","",,,,,,77,19.25,19,4,4,"… forensics of poison attacks: • We define forensics in the context of data poisoning attacks and … traces back misclassification events to poison training data responsible. • We empirically …","https://www.usenix.org/system/files/sec22-shan.pdf","https://scholar.google.com/scholar?q=related:_tDGufgMZXQJ:scholar.google.com/&scioq=data+poisoning&hl=en&as_sdt=2007"
14,"TK Dang, PTT Truong, PT Tran","Data poisoning attack on deep neural network and some defense methods",2020,"… International Conference on …","ieeexplore.ieee.org","https://ieeexplore.ieee.org/abstract/document/9353086/","https://scholar.google.com/scholar?cites=3376471251659988959&as_sdt=2005&sciodt=2007&hl=en",152,"2026-01-28 13:54:56","","","",,,,,,14,2.33,5,3,6,"… Network (DNN) and poisoning attack. After that, we will formalize data poisoning attack’s threat … And in Section V, we will present a kind of poisoning attack - backdoor attack and trojan …","","https://scholar.google.com/scholar?q=related:3x-Dzbai2y4J:scholar.google.com/&scioq=data+poisoning&hl=en&as_sdt=2007"
41,"W Yang, J Gao…","Robust contrastive language-image pretraining against data poisoning and backdoor attacks",2023,"Advances in Neural …","proceedings.neurips.cc","https://proceedings.neurips.cc/paper_files/paper/2023/hash/2232e8fee69b150005ac420bfa83d705-Abstract-Conference.html","https://scholar.google.com/scholar?cites=11907019299281685364&as_sdt=2005&sciodt=2007&hl=en",153,"2026-01-28 13:54:56","","","",,,,,,41,13.67,14,3,3,"… In this section, we first study the effect of data poisoning attacks on multimodal models. Then, … against data poisoning and backdoor attacks. 4.1 Effect of Data Poisoning Attacks on CLIP …","https://proceedings.neurips.cc/paper_files/paper/2023/file/2232e8fee69b150005ac420bfa83d705-Paper-Conference.pdf","https://scholar.google.com/scholar?q=related:dMtnc_c6PqUJ:scholar.google.com/&scioq=data+poisoning&hl=en&as_sdt=2007"
1,"F Abtahi, F Seoane, I Pau, M Vega-Barbas","Data Poisoning Vulnerabilities Across Healthcare AI Architectures: A Security Threat Analysis",2025,"arXiv preprint arXiv …","arxiv.org","https://arxiv.org/abs/2511.11020","https://scholar.google.com/scholar?cites=4983817643864686425&as_sdt=2005&sciodt=2007&hl=en",154,"2026-01-28 13:54:56","","","",,,,,,1,1.00,0,4,1,"… To systematically evaluate data poisoning vulnerabilities, we analyzed eight attack scenarios spanning four categories: architecture-specific attacks that exploit particular AI model types…","https://arxiv.org/pdf/2511.11020","https://scholar.google.com/scholar?q=related:Wf_g370TKkUJ:scholar.google.com/&scioq=data+poisoning&hl=en&as_sdt=2007"
29,"R Chen, Z Li, J Li, J Yan, C Wu","On collective robustness of bagging against data poisoning",2022,"International Conference on …","proceedings.mlr.press","https://proceedings.mlr.press/v162/chen22k.html","https://scholar.google.com/scholar?cites=7671982562316508504&as_sdt=2005&sciodt=2007&hl=en",155,"2026-01-28 13:54:56","","","",,,,,,29,7.25,6,5,4,"… robustness against the global poisoning attack. Specifically, … upper bound of the tolerable poison budget. Based on this … the influence scope for each poisoning sample universally. Our …","https://proceedings.mlr.press/v162/chen22k/chen22k.pdf","https://scholar.google.com/scholar?q=related:WN3dFX5beGoJ:scholar.google.com/&scioq=data+poisoning&hl=en&as_sdt=2007"
30,"A Das, A Tariq, F Batalini, B Dhara, I Banerjee","Exposing vulnerabilities in clinical llms through data poisoning attacks: Case study in breast cancer",2024,"MedRxiv","pmc.ncbi.nlm.nih.gov","https://pmc.ncbi.nlm.nih.gov/articles/PMC10984073/","https://scholar.google.com/scholar?cites=225590181409896857&as_sdt=2005&sciodt=2007&hl=en",156,"2026-01-28 13:54:56","HTML","","",,,,,,30,15.00,6,5,2,"… clinical LLMs by focusing on data poisoning attacks. To study how adversaries can potentially exploit these LLMs in the clinical domain through data poisoning, we demonstrate these …","https://pmc.ncbi.nlm.nih.gov/articles/PMC10984073/","https://scholar.google.com/scholar?q=related:mbnAIxN1IQMJ:scholar.google.com/&scioq=data+poisoning&hl=en&as_sdt=2007"
8,"T Mahlangu, S January, T Mashiane…","Data poisoning: Achilles heel of cyber threat intelligence systems",2019,"Proceedings of the …","books.google.com","https://books.google.com/books?hl=en&lr=&id=UfedDwAAQBAJ&oi=fnd&pg=PA221&dq=data+poisoning&ots=C_FJbMqQe8&sig=YhjGVHp36o1dOt065C-i9JCTb8o","https://scholar.google.com/scholar?cites=7308022860149668897&as_sdt=2005&sciodt=2007&hl=en",157,"2026-01-28 13:54:56","","","",,,,,,8,1.14,2,4,7,"… our data makes it very easy to identify ‘data poisoning’attacks… would not be able to poison our data. Instead, it means that, … one of our data objects and then craft their ‘poisoned data’to …","https://researchspace.csir.co.za/dspace/bitstream/handle/10204/10853/Mahlangu_22278_2019.pdf?sequence=1","https://scholar.google.com/scholar?q=related:IbynXRJQa2UJ:scholar.google.com/&scioq=data+poisoning&hl=en&as_sdt=2007"
2,"X He, K Huang, Q Ye, H Hu","Data Poisoning Attacks to Local Differential Privacy Protocols for Graphs",2025,"… International Conference on Data …","ieeexplore.ieee.org","https://ieeexplore.ieee.org/abstract/document/11112932/","https://scholar.google.com/scholar?cites=7464669043876967912&as_sdt=2005&sciodt=2007&hl=en",158,"2026-01-28 13:54:56","","","",,,,,,2,2.00,1,4,1,"… LDP protocols for graphs and design data poisoning attacks to degrade the quality … data poisoning attacks to LDP protocols for graphs. As a proof of concept, we focus on data poisoning …","https://arxiv.org/pdf/2412.19837","https://scholar.google.com/scholar?q=related:6DUkJvLUl2cJ:scholar.google.com/&scioq=data+poisoning&hl=en&as_sdt=2007"
33,"G Bovenzi, A Foggia, S Santella, A Testa…","Data poisoning attacks against autoencoder-based anomaly detection models: A robustness analysis",2022,"ICC 2022-IEEE …","ieeexplore.ieee.org","https://ieeexplore.ieee.org/abstract/document/9838942/","https://scholar.google.com/scholar?cites=15764753151331177821&as_sdt=2005&sciodt=2007&hl=en",159,"2026-01-28 13:54:56","","","",,,,,,33,8.25,7,5,4,"… In addition, we evaluate the robustness of such solutions when Data Poisoning Attack (DPA… more than 50% of F1 Score with 10% poisoning. Instead, the other models show strong …","https://www.researchgate.net/profile/Giampaolo-Bovenzi/publication/360808774_Data_Poisoning_Attacks_against_Autoencoder-based_Anomaly_Detection_Models_a_Robustness_Analysis/links/628cb74630816f249dbfdbb2/Data-Poisoning-Attacks-against-Autoencoder-based-Anomaly-Detection-Models-a-Robustness-Analysis.pdf","https://scholar.google.com/scholar?q=related:XZXQRHenx9oJ:scholar.google.com/&scioq=data+poisoning&hl=en&as_sdt=2007"
51,"H Wang, Q Shen, Y Tong, Y Zhang…","The stronger the diffusion model, the easier the backdoor: Data poisoning to induce copyright breaches without adjusting finetuning pipeline",2024,"arXiv preprint arXiv …","arxiv.org","https://arxiv.org/abs/2401.04136","https://scholar.google.com/scholar?cites=10176910307287530539&as_sdt=2005&sciodt=2007&hl=en",160,"2026-01-28 13:54:56","","","",,,,,,51,25.50,10,5,2,"… while carefully dispersing that information, making the poisoning data inconspicuous when … of the poisoning data. When given specific text prompts, DMs trained with a poisoning ratio of …","https://arxiv.org/pdf/2401.04136","https://scholar.google.com/scholar?q=related:K3ziQAGmO40J:scholar.google.com/&scioq=data+poisoning&hl=en&as_sdt=2007"
2,"F Villani, D Lazzaro, AE Cinà, M Dell'Amico, B Biggio…","Sonic: Fast and transferable data poisoning on clustering algorithms",2026,"Information …","Elsevier","https://www.sciencedirect.com/science/article/pii/S002002552600071X","https://scholar.google.com/scholar?cites=3498454356131524353&as_sdt=2005&sciodt=2007&hl=en",161,"2026-01-28 13:54:56","HTML","","",,,,,,2,2.00,0,6,1,"… Data poisoning attacks on clustering … genetic data poisoning attack that leverages incremental and scalable clustering algorithms, eg, FISHDBC, as surrogates to accelerate poisoning …","https://www.sciencedirect.com/science/article/pii/S002002552600071X","https://scholar.google.com/scholar?q=related:AS8jiLMBjTAJ:scholar.google.com/&scioq=data+poisoning&hl=en&as_sdt=2007"
23,"E Alsuwat, H Alsuwat, M Valtorta…","Adversarial data poisoning attacks against the PC learning algorithm",2020,"International Journal of …","Taylor &Francis","https://www.tandfonline.com/doi/abs/10.1080/03081079.2019.1630401","https://scholar.google.com/scholar?cites=4306344878616405149&as_sdt=2005&sciodt=2007&hl=en",162,"2026-01-28 13:54:56","","10.1080/03081079.2019.1630401","",,,,,,23,3.83,6,4,6,"… In this work, we investigate data poisoning attacks against Bayesian network algorithms. We study two potential attacks against Bayesian network structure learning algorithms: model …","https://www.academia.edu/download/112384148/03081079.2019.163040120240313-1-ybl43f.pdf","https://scholar.google.com/scholar?q=related:neRA4tk1wzsJ:scholar.google.com/&scioq=data+poisoning&hl=en&as_sdt=2007"
19,"P He, H Xu, J Ren, Y Cui, H Liu, CC Aggarwal…","Sharpness-aware data poisoning attack",2023,"arXiv preprint arXiv …","arxiv.org","https://arxiv.org/abs/2305.14851","https://scholar.google.com/scholar?cites=10352553747540297185&as_sdt=2005&sciodt=2007&hl=en",163,"2026-01-28 13:54:56","","","",,,,,,19,6.33,3,7,3,"… the use of sharpness for data poisoning attacks. … for data poisoning attacks that takes into account the model landscape sharpness. We apply this strategy to various types of poisoning …","https://arxiv.org/pdf/2305.14851","https://scholar.google.com/scholar?q=related:4UVHgMioq48J:scholar.google.com/&scioq=data+poisoning&hl=en&as_sdt=2007"
2,"J Hu, X Li, J Gan, J Luo","Poison to Cure: Privacy-preserving Wi-Fi Multi-User Sensing via Data Poisoning",2025,"Proceedings of the 31st Annual International …","dl.acm.org","https://dl.acm.org/doi/abs/10.1145/3680207.3723459","https://scholar.google.com/scholar?cites=7600671597548282910&as_sdt=2005&sciodt=2007&hl=en",164,"2026-01-28 13:54:56","","10.1145/3680207.3723459","",,,,,,2,2.00,1,4,1,"… CSI poisoning method to craft poisoned training data; then we extend it to countering con dential neural models and CSI data … ing the e cient CSI poisoning method and its extensions to …","https://dl.acm.org/doi/pdf/10.1145/3680207.3723459","https://scholar.google.com/scholar?q=related:HiREQowCe2kJ:scholar.google.com/&scioq=data+poisoning&hl=en&as_sdt=2007"
14,"S Kundu, S Ghosh","Adversarial data poisoning attack on quantum machine learning in the nisq era",2025,"Proceedings of the Great Lakes Symposium on VLSI …","dl.acm.org","https://dl.acm.org/doi/abs/10.1145/3716368.3735244","https://scholar.google.com/scholar?cites=672644702069671485&as_sdt=2005&sciodt=2007&hl=en",165,"2026-01-28 13:54:56","","10.1145/3716368.3735244","",,,,,,14,14.00,7,2,1,"… This work represents the first attempt to reevaluate data poisoning attacks in the context of … data poisoning attacks on QNNs which can further be divided into; a) Label-flip poisoning, …","https://dl.acm.org/doi/pdf/10.1145/3716368.3735244","https://scholar.google.com/scholar?q=related:PUbp7sq2VQkJ:scholar.google.com/&scioq=data+poisoning&hl=en&as_sdt=2007"
0,"I Udoidiok, F Li, J Zhang","Evaluating Model Resilience to Data Poisoning Attacks: A Comparative Study",2025,"Information","mdpi.com","https://www.mdpi.com/2078-2489/17/1/9","",166,"2026-01-28 13:54:56","HTML","","",,,,,,0,0.00,0,3,1,"… To systematically evaluate model robustness and interpretability under data poisoning attacks, this study adopts a structured experimental pipeline, as illustrated in Figure 1. First, we …","https://www.mdpi.com/2078-2489/17/1/9","https://scholar.google.com/scholar?q=related:WHUIaDQN7OUJ:scholar.google.com/&scioq=data+poisoning&hl=en&as_sdt=2007"
8,"F Wang, X Wang, Y Hong, RT Rockafellar…","Data poisoning attacks on traffic state estimation and prediction",2024,"… Research Part C …","Elsevier","https://www.sciencedirect.com/science/article/pii/S0968090X24000986","https://scholar.google.com/scholar?cites=11437187879862841235&as_sdt=2005&sciodt=2007&hl=en",167,"2026-01-28 13:54:56","","","",,,,,,8,4.00,2,5,2,"… This study develops a general data poisoning attack … data poisoning attacks as a general sensitivity analysis of parameterized optimization problems over parameter changes (ie, data …","https://par.nsf.gov/servlets/purl/10536921","https://scholar.google.com/scholar?q=related:k6-gqMcNuZ4J:scholar.google.com/&scioq=data+poisoning&hl=en&as_sdt=2007"
38,"F Nazary, Y Deldjoo, T Noia","Poison-rag: Adversarial data poisoning attacks on retrieval-augmented generation in recommender systems",2025,"European Conference on Information …","Springer","https://link.springer.com/chapter/10.1007/978-3-031-88717-8_18","https://scholar.google.com/scholar?cites=6960208266260787111&as_sdt=2005&sciodt=2007&hl=en",168,"2026-01-28 13:54:56","","10.1007/978-3-031-88717-8_18","",,,,,,38,38.00,13,3,1,"… Poison-RAG, a framework for adversarial data poisoning attacks targeting retrieval-augmented generation (RAG)-based recommender systems. Poison-… of adversarial poisoning attacks …","https://arxiv.org/pdf/2501.11759","https://scholar.google.com/scholar?q=related:py82mYqgl2AJ:scholar.google.com/&scioq=data+poisoning&hl=en&as_sdt=2007"
32,"Z Huang, M Pan, Y Gong","Robust truth discovery against data poisoning in mobile crowdsensing",2019,"2019 IEEE Global Communications …","ieeexplore.ieee.org","https://ieeexplore.ieee.org/abstract/document/9013890/","https://scholar.google.com/scholar?cites=8513395030695137668&as_sdt=2005&sciodt=2007&hl=en",169,"2026-01-28 13:54:56","","","",,,,,,32,4.57,11,3,7,"… Such data poisoning attack is usually formulated as a bi-level optimization problem, whose … against such data poisoning attacks. In our paper, we focus on data poisoning attacks on …","https://par.nsf.gov/servlets/purl/10183060","https://scholar.google.com/scholar?q=related:hNEoraynJXYJ:scholar.google.com/&scioq=data+poisoning&hl=en&as_sdt=2007"
1578,"A Shafahi, WR Huang, M Najibi…","Poison frogs! targeted clean-label poisoning attacks on neural networks",2018,"Advances in neural …","proceedings.neurips.cc","https://proceedings.neurips.cc/paper_files/paper/2018/hash/22722a343513ed45f14905eb07621686-Abstract.html","https://scholar.google.com/scholar?cites=2909175979109217787&as_sdt=2005&sciodt=2007&hl=en",170,"2026-01-28 13:54:56","","","",,,,,,1578,197.25,395,4,8,"… Data poisoning is an attack on machine learning models wherein the attacker adds examples to the training set to manipulate the behavior of the model at test time. This paper …","https://proceedings.neurips.cc/paper_files/paper/2018/file/22722a343513ed45f14905eb07621686-Paper.pdf","https://scholar.google.com/scholar?q=related:-3XntyN4XygJ:scholar.google.com/&scioq=data+poisoning&hl=en&as_sdt=2007"
11,"H Zhang, T Zheng, J Gao, C Miao, L Su…","Towards data poisoning attack against knowledge graph embedding",2019,"arXiv preprint arXiv …","researchgate.net","https://www.researchgate.net/profile/Tianhang-Zheng/publication/332751020_Towards_Data_Poisoning_Attack_against_Knowledge_Graph_Embedding/links/5cd079a7a6fdccc9dd91e1cb/Towards-Data-Poisoning-Attack-against-Knowledge-Graph-Embedding.pdf","https://scholar.google.com/scholar?cites=15898682786632276660&as_sdt=2005&sciodt=2007&hl=en",171,"2026-01-28 13:54:56","PDF","","",,,,,,11,1.57,2,6,7,"… methods on graph data cannot be directly applied to attack the embeddings of knowledge graph due to its heterogeneity. To fill this gap, we propose a collection of data poisoning attack …","https://www.researchgate.net/profile/Tianhang-Zheng/publication/332751020_Towards_Data_Poisoning_Attack_against_Knowledge_Graph_Embedding/links/5cd079a7a6fdccc9dd91e1cb/Towards-Data-Poisoning-Attack-against-Knowledge-Graph-Embedding.pdf","https://scholar.google.com/scholar?q=related:tJrVdcJ3o9wJ:scholar.google.com/&scioq=data+poisoning&hl=en&as_sdt=2007"
27,"M Anisetti, CA Ardagna, A Balestrucci…","On the robustness of random forest against untargeted data poisoning: An ensemble-based approach",2023,"IEEE Transactions …","ieeexplore.ieee.org","https://ieeexplore.ieee.org/abstract/document/10175648/","https://scholar.google.com/scholar?cites=6556963381121537986&as_sdt=2005&sciodt=2007&hl=en",172,"2026-01-28 13:54:56","","","",,,,,,27,9.00,7,4,3,"… approach for random forest, assuming poisoning attacks … data poisoning attacks to the accuracy of random forest. Our hash-based ensemble is based on hash functions to route data …","https://ieeexplore.ieee.org/iel7/7274860/7742329/10175648.pdf","https://scholar.google.com/scholar?q=related:wlf-cHQD_1oJ:scholar.google.com/&scioq=data+poisoning&hl=en&as_sdt=2007"
8,"M Rosenblatt, D Scheinost","Data poisoning attack and defenses in Connectome-Based predictive models",2022,"Workshop on the Ethical and Philosophical …","Springer","https://link.springer.com/chapter/10.1007/978-3-031-23223-7_1","https://scholar.google.com/scholar?cites=4239477924700590656&as_sdt=2005&sciodt=2007&hl=en",173,"2026-01-28 13:54:56","","10.1007/978-3-031-23223-7_1","",,,,,,8,2.00,4,2,4,"… While there are other existing roadblocks to the clinical utility of machine learning with fMRI [4, 21], we believe that data poisoning is an important and overlooked consideration. …","","https://scholar.google.com/scholar?q=related:QJLj9rWm1ToJ:scholar.google.com/&scioq=data+poisoning&hl=en&as_sdt=2007"
99,"X Xiao, Z Tang, C Li, B Xiao, K Li","SCA: Sybil-based collusion attacks of IIoT data poisoning in federated learning",2022,"IEEE Transactions on …","ieeexplore.ieee.org","https://ieeexplore.ieee.org/abstract/document/9767718/","https://scholar.google.com/scholar?cites=17609203240915014533&as_sdt=2005&sciodt=2007&hl=en",174,"2026-01-28 13:54:56","","","",,,,,,99,24.75,20,5,4,"… data for poisoning training without being detected. The most commonly used data poisoning methods are backdoor poisoning … conduct poisoning training on the massive data generated …","https://www4.comp.polyu.edu.hk/~csbxiao/paper/2022/TII-Sybil-based%20collusion%20attacks.pdf","https://scholar.google.com/scholar?q=related:hZNl0Ax1YPQJ:scholar.google.com/&scioq=data+poisoning&hl=en&as_sdt=2007"
24,"EM Kornaropoulos, S Ren, R Tamassia","The price of tailoring the index to your data: Poisoning attacks on learned index structures",2022,"… on Management of Data","dl.acm.org","https://dl.acm.org/doi/abs/10.1145/3514221.3517867","https://scholar.google.com/scholar?cites=12095538640085405545&as_sdt=2005&sciodt=2007&hl=en",175,"2026-01-28 13:54:56","","10.1145/3514221.3517867","",,,,,,24,6.00,8,3,4,"… the rst study of data poisoning attacks on learned index structures. Our poisoning approach is di … on the training set has a cascading impact on multiple data values. We formulate the rst …","https://dl.acm.org/doi/pdf/10.1145/3514221.3517867","https://scholar.google.com/scholar?q=related:aU9N6U7826cJ:scholar.google.com/&scioq=data+poisoning&hl=en&as_sdt=2007"
12,"J Lai, T Wang, C Chen, Y Li, Z Zheng","VFedAD: A defense method based on the information mechanism behind the vertical federated data poisoning attack",2023,"Proceedings of the 32nd ACM …","dl.acm.org","https://dl.acm.org/doi/abs/10.1145/3583780.3615106","https://scholar.google.com/scholar?cites=878826068552681006&as_sdt=2005&sciodt=2007&hl=en",176,"2026-01-28 13:54:56","","10.1145/3583780.3615106","",,,,,,12,4.00,2,5,3,"… forms of data poisoning attacks against vertical federated learning. Then, we reveal the impact of data poisoning attacks on the information structure of vertical federated data. Finally, …","https://dl.acm.org/doi/pdf/10.1145/3583780.3615106","https://scholar.google.com/scholar?q=related:LoZvM6c3MgwJ:scholar.google.com/&scioq=data+poisoning&hl=en&as_sdt=2007"
42,"C Xu, J Wang, Y Tang, F Guzmán…","A targeted attack on black-box neural machine translation with parallel data poisoning",2021,"Proceedings of the web …","dl.acm.org","https://dl.acm.org/doi/abs/10.1145/3442381.3450034","https://scholar.google.com/scholar?cites=3402590221878453203&as_sdt=2005&sciodt=2007&hl=en",177,"2026-01-28 13:54:56","","10.1145/3442381.3450034","",,,,,,42,8.40,8,5,5,"… employ a state-of-the-art parallel data miner to extract the parallel sentences. We find that … “legitimate” parallel data. Secondly, we explore parallel data poisoning on two common NMT …","https://dl.acm.org/doi/pdf/10.1145/3442381.3450034","https://scholar.google.com/scholar?q=related:02NIc8dtOC8J:scholar.google.com/&scioq=data+poisoning&hl=en&as_sdt=2007"
22,"S Seetharaman, S Malaviya, R Vasu…","Influence based defense against data poisoning attacks in online learning",2022,"2022 14th …","ieeexplore.ieee.org","https://ieeexplore.ieee.org/abstract/document/9668557/","https://scholar.google.com/scholar?cites=15466367541196553548&as_sdt=2005&sciodt=2007&hl=en",178,"2026-01-28 13:54:56","","","",,,,,,22,5.50,6,4,4,"… We develop a defense mechanism against data poisoning attack which is … Here a data poisoning attack is defined as: Definition 1: Data poisoning attacker takes as input a feasible data …","https://arxiv.org/pdf/2104.13230","https://scholar.google.com/scholar?q=related:TP2mmlWTo9YJ:scholar.google.com/&scioq=data+poisoning&hl=en&as_sdt=2007"
187,"N Baracaldo, B Chen, H Ludwig, JA Safavi","Mitigating poisoning attacks on machine learning models: A data provenance based approach",2017,"Proceedings of the 10th …","dl.acm.org","https://dl.acm.org/doi/abs/10.1145/3128572.3140450","https://scholar.google.com/scholar?cites=776704546139345654&as_sdt=2005&sciodt=2007&hl=en",179,"2026-01-28 13:54:56","","10.1145/3128572.3140450","",,,,,,187,20.78,47,4,9,"… applications to consume data sources in … data sets and the other to fully untrusted data sets. Finally, we evaluate our methodology against existing methods to detect poison data …","https://dl.acm.org/doi/pdf/10.1145/3128572.3140450","https://scholar.google.com/scholar?q=related:9hIRaKtoxwoJ:scholar.google.com/&scioq=data+poisoning&hl=en&as_sdt=2007"
1,"HQ Luo-Chen, D Segura, C Baena…","Attack on Data: Poisoning and Evasion in E2E Services for Cellular Networks",2025,"IEEE Transactions …","ieeexplore.ieee.org","https://ieeexplore.ieee.org/abstract/document/11298517/","https://scholar.google.com/scholar?cites=4616805604204164825&as_sdt=2005&sciodt=2007&hl=en",180,"2026-01-28 13:54:56","","","",,,,,,1,1.00,0,4,1,"… ML algorithms learn existing patterns in the data to predict the … the data from any unintended alteration. In this paper, the focus is centred on the attacks on the data, namely poisoning …","https://ieeexplore.ieee.org/iel8/25/4356907/11298517.pdf","https://scholar.google.com/scholar?q=related:2TafczwwEkAJ:scholar.google.com/&scioq=data+poisoning&hl=en&as_sdt=2007"
24,"E Wallace, TZ Zhao, S Feng…","Customizing triggers with concealed data poisoning",2020,"arXiv preprint arXiv …","pdfs.semanticscholar.org","https://pdfs.semanticscholar.org/6d8d/d81f2d18e86b2fa23d52ef14dbcba39864b4.pdf","https://scholar.google.com/scholar?cites=4549009849461257826&as_sdt=2005&sciodt=2007&hl=en",181,"2026-01-28 13:54:56","PDF","","",,,,,,24,4.00,6,4,6,"… Industry considers data poisoning the attack that would affect their business the most.[2] … Intuition: Data poisoning success at least partially related to overfitting. … Scanning 9% of …","https://pdfs.semanticscholar.org/6d8d/d81f2d18e86b2fa23d52ef14dbcba39864b4.pdf","https://scholar.google.com/scholar?q=related:YjbkPFtUIT8J:scholar.google.com/&scioq=data+poisoning&hl=en&as_sdt=2007"
10,"W Chang, T Zhu, H Xu, W Liu, W Zhou","Class machine unlearning for complex data via concepts inference and data poisoning",2024,"arXiv preprint arXiv:2405.15662","arxiv.org","https://arxiv.org/abs/2405.15662","https://scholar.google.com/scholar?cites=13642767603466832584&as_sdt=2005&sciodt=2007&hl=en",182,"2026-01-28 13:54:56","","","",,,,,,10,5.00,2,5,2,"… data, to … data, we adopt a Post-hoc Concept Bottleneck Model, and Integrated Gradients to precisely identify concepts across different classes. Next, we take advantage of data poisoning …","https://arxiv.org/pdf/2405.15662","https://scholar.google.com/scholar?q=related:yArZVdrYVL0J:scholar.google.com/&scioq=data+poisoning&hl=en&as_sdt=2007"
5,"X Wang, F Wang, Y Hong, XJ Ban","Transferability in data poisoning attacks on spatiotemporal traffic forecasting models",2026,"Transportation Research Part C …","Elsevier","https://www.sciencedirect.com/science/article/pii/S0968090X25005054","https://scholar.google.com/scholar?cites=5634928547398872799&as_sdt=2005&sciodt=2007&hl=en",183,"2026-01-28 13:54:56","","","",,,,,,5,5.00,1,4,1,"… to adversarial perturbations within training data, where specially crafted … -box poisoning attack framework to demonstrate the transferability of adversarial perturbations in data poisoning …","https://papers.ssrn.com/sol3/Delivery.cfm?abstractid=4827065","https://scholar.google.com/scholar?q=related:3-5qoqhJM04J:scholar.google.com/&scioq=data+poisoning&hl=en&as_sdt=2007"
40,"R Zhang, Q Zhu","A game-theoretic defense against data poisoning attacks in distributed support vector machines",2017,"2017 IEEE 56th Annual Conference on …","ieeexplore.ieee.org","https://ieeexplore.ieee.org/abstract/document/8264336/","https://scholar.google.com/scholar?cites=11054465624338544048&as_sdt=2005&sciodt=2007&hl=en",184,"2026-01-28 13:54:56","","","",,,,,,40,4.44,20,2,9,"… In this section, we present the game-theoretic framework of a DSVM learner and an attacker who takes over a set of nodes and conducts data poisoning attacks with the aim of breaking …","","https://scholar.google.com/scholar?q=related:sDV3kOpZaZkJ:scholar.google.com/&scioq=data+poisoning&hl=en&as_sdt=2007"
29,"S Wang, Q Li, Z Cui, J Hou, C Huang","Bandit-based data poisoning attack against federated learning for autonomous driving models",2023,"Expert Systems with Applications","Elsevier","https://www.sciencedirect.com/science/article/pii/S0957417423007972","https://scholar.google.com/scholar?cites=15424383217782251233&as_sdt=2005&sciodt=2007&hl=en",185,"2026-01-28 13:54:56","","","",,,,,,29,9.67,6,5,3,"… baseline poisoning attacks and the robustness under defense schemas, the proposed poisoning attack strategy can achieve superior attack performance via continuous data poisoning …","","https://scholar.google.com/scholar?q=related:4V5oj9BqDtYJ:scholar.google.com/&scioq=data+poisoning&hl=en&as_sdt=2007"
9,"Y Wu, J McMahan, X Zhu, Q Xie","Data poisoning to fake a nash equilibria for markov games",2024,"… of the AAAI Conference on Artificial …","ojs.aaai.org","https://ojs.aaai.org/index.php/AAAI/article/view/29529","https://scholar.google.com/scholar?cites=9256929161782004433&as_sdt=2005&sciodt=2007&hl=en",186,"2026-01-28 13:54:56","","","",,,,,,9,4.50,2,4,2,"… Our contributions include a unified framework for offline data poisoning attacks, and in particular, a linear program formulation that efficiently solves the reward poisoning problem for two…","https://ojs.aaai.org/index.php/AAAI/article/download/29529/30879","https://scholar.google.com/scholar?q=related:0Yr4_gY4d4AJ:scholar.google.com/&scioq=data+poisoning&hl=en&as_sdt=2007"
69,"Z Xiang, DJ Miller, G Kesidis","A benchmark study of backdoor data poisoning defenses for deep neural network classifiers and a novel defense",2019,"2019 IEEE 29th International …","ieeexplore.ieee.org","https://ieeexplore.ieee.org/abstract/document/8918908/","https://scholar.google.com/scholar?cites=250034647153955885&as_sdt=2005&sciodt=2007&hl=en",187,"2026-01-28 13:54:56","","","",,,,,,69,9.86,23,3,7,"… We studied backdoor data poisoning defenses on DNNs. We reviewed existing works and proposed the novel CI defense. A series of benchmark experiments on images were con…","","https://scholar.google.com/scholar?q=related:LdQm1S9NeAMJ:scholar.google.com/&scioq=data+poisoning&hl=en&as_sdt=2007"
17,"N Patel, P Krishnamurthy, S Garg…","Bait and switch: Online training data poisoning of autonomous driving systems",2020,"arXiv preprint arXiv …","arxiv.org","https://arxiv.org/abs/2011.04065","https://scholar.google.com/scholar?cites=9378545988626518720&as_sdt=2005&sciodt=2007&hl=en",188,"2026-01-28 13:54:56","","","",,,,,,17,2.83,4,4,6,"We show that by controlling parts of a physical environment in which a pre-trained deep neural network (DNN) is being fine-tuned online, an adversary can launch subtle data poisoning …","https://arxiv.org/pdf/2011.04065","https://scholar.google.com/scholar?q=related:wJK_EeNJJ4IJ:scholar.google.com/&scioq=data+poisoning&hl=en&as_sdt=2007"
17,"G Chen, K Li, AM Abdelmoniem, L You","Exploring representational similarity analysis to protect federated learning from data poisoning",2024,"Companion Proceedings of the …","dl.acm.org","https://dl.acm.org/doi/abs/10.1145/3589335.3651503","https://scholar.google.com/scholar?cites=849975249269317623&as_sdt=2005&sciodt=2007&hl=en",189,"2026-01-28 13:54:56","","10.1145/3589335.3651503","",,,,,,17,8.50,4,4,2,"… This section summarizes key research related to the defense of data poisoning attacks. In general, current approaches can be categorized into statistics-based and similarity-based: …","https://dl.acm.org/doi/pdf/10.1145/3589335.3651503","https://scholar.google.com/scholar?q=related:91-SYPy3ywsJ:scholar.google.com/&scioq=data+poisoning&hl=en&as_sdt=2007"
17,"H Liu, G Ditzler","Data poisoning against information-theoretic feature selection",2021,"Information Sciences","Elsevier","https://www.sciencedirect.com/science/article/pii/S0020025521005090","https://scholar.google.com/scholar?cites=2536586568363792668&as_sdt=2005&sciodt=2007&hl=en",190,"2026-01-28 13:54:56","","","",,,,,,17,3.40,9,2,5,"… generic FS poisoning algorithm. We also show the transferability of the proposed poisoning method … the efficacy of our proposed poisoning algorithm and the existence of transferability. …","https://www.sciencedirect.com/science/article/am/pii/S0020025521005090","https://scholar.google.com/scholar?q=related:HNlZZQvEMyMJ:scholar.google.com/&scioq=data+poisoning&hl=en&as_sdt=2007"
10,"J Wu, J Jin, C Wu","Challenges and countermeasures of federated learning data poisoning attack situation prediction",2024,"Mathematics","mdpi.com","https://www.mdpi.com/2227-7390/12/6/901","https://scholar.google.com/scholar?cites=2222524336153461352&as_sdt=2005&sciodt=2007&hl=en",191,"2026-01-28 13:54:56","HTML","","",,,,,,10,5.00,3,3,2,"… This article focuses on the common security risks of data poisoning during the training … , attack types, data poisoning methods, privacy protection technology and data security situational …","https://www.mdpi.com/2227-7390/12/6/901","https://scholar.google.com/scholar?q=related:aIIWuRv-1x4J:scholar.google.com/&scioq=data+poisoning&hl=en&as_sdt=2007"
24,"H Li, G Ditzler","Targeted data poisoning attacks against continual learning neural networks",2022,"2022 International Joint Conference on Neural …","ieeexplore.ieee.org","https://ieeexplore.ieee.org/abstract/document/9892774/","https://scholar.google.com/scholar?cites=3373504193868514710&as_sdt=2005&sciodt=2007&hl=en",192,"2026-01-28 13:54:56","","","",,,,,,24,6.00,12,2,4,"… There are two primary objectives of poisoning attacks against … forgetting intentional by data poisoning while the attack samples … Specifically, this work develops a novel data poisoning …","https://par.nsf.gov/servlets/purl/10393878","https://scholar.google.com/scholar?q=related:lsXS0zAY0S4J:scholar.google.com/&scioq=data+poisoning&hl=en&as_sdt=2007"
24,"S Bhattacharjee, MJ Islam, S Abedzadeh","Robust anomaly based attack detection in smart grids under data poisoning attacks",2022,"… of the 8th ACM on Cyber …","dl.acm.org","https://dl.acm.org/doi/abs/10.1145/3494107.3522778","https://scholar.google.com/scholar?cites=5712209628683845620&as_sdt=2005&sciodt=2007&hl=en",193,"2026-01-28 13:54:56","","10.1145/3494107.3522778","",,,,,,24,6.00,8,3,4,"… data integrity or data falsification attacks in advanced metering infrastructure (AMI) of smart grids. However, there is a lack of studies on the effect of data poisoning … some data poisoning …","https://dl.acm.org/doi/pdf/10.1145/3494107.3522778","https://scholar.google.com/scholar?q=related:9D9EiGTYRU8J:scholar.google.com/&scioq=data+poisoning&hl=en&as_sdt=2007"
24,"A Chan-Hon-Tong","An algorithm for generating invisible data poisoning using adversarial noise that breaks image classification deep learning",2018,"Machine Learning and Knowledge Extraction","mdpi.com","https://www.mdpi.com/2504-4990/1/1/11","https://scholar.google.com/scholar?cites=8160166506010020590&as_sdt=2005&sciodt=2007&hl=en",194,"2026-01-28 13:54:56","HTML","","",,,,,,24,3.00,24,1,8,"… data poisoning. Then, I present the proposed algorithm to produce invisible data poisoning. … of this adversarial-based data poisoning, before a conclusion and perspectives in Section 5. …","https://www.mdpi.com/2504-4990/1/1/11","https://scholar.google.com/scholar?q=related:7orE6jO8PnEJ:scholar.google.com/&scioq=data+poisoning&hl=en&as_sdt=2007"
41,"J Wang, C Xu, F Guzmán, A El-Kishky, Y Tang…","Putting words into the system's mouth: A targeted attack on neural machine translation using monolingual data poisoning",2021,"arXiv preprint arXiv …","arxiv.org","https://arxiv.org/abs/2107.05243","https://scholar.google.com/scholar?cites=7255621076643737984&as_sdt=2005&sciodt=2007&hl=en",195,"2026-01-28 13:54:56","","","",,,,,,41,8.20,7,6,5,"Neural machine translation systems are known to be vulnerable to adversarial test inputs, however, as we show in this paper, these systems are also vulnerable to training attacks. …","https://arxiv.org/pdf/2107.05243","https://scholar.google.com/scholar?q=related:gPEvYu0ksWQJ:scholar.google.com/&scioq=data+poisoning&hl=en&as_sdt=2007"
41,"M Aljanabi","Safeguarding connected health: Leveraging trustworthy AI techniques to harden intrusion detection systems against data poisoning threats in IoMT environments",2023,"Babylonian Journal of Internet of Things","journals.mesopotamian.press","https://journals.mesopotamian.press/index.php/BJIoT/article/view/200","https://scholar.google.com/scholar?cites=17671189493509497464&as_sdt=2005&sciodt=2007&hl=en",196,"2026-01-28 13:54:56","","","",,,,,,41,13.67,41,1,3,"… including vulnerabilities to data poisoning threats that … against staged electronic record poisoning attacks emulating realistic … SafeML classifiers reliably detect even camouflaged data …","https://journals.mesopotamian.press/index.php/BJIoT/article/download/200/200","https://scholar.google.com/scholar?q=related:eKI_5zetPPUJ:scholar.google.com/&scioq=data+poisoning&hl=en&as_sdt=2007"
127,"Z Wang, J Ma, X Wang, J Hu, Z Qin, K Ren","Threats to training: A survey of poisoning attacks and defenses on machine learning systems",2022,"ACM Computing Surveys","dl.acm.org","https://dl.acm.org/doi/abs/10.1145/3538707","https://scholar.google.com/scholar?cites=16582194206320460959&as_sdt=2005&sciodt=2007&hl=en",197,"2026-01-28 13:54:56","","10.1145/3538707","",,,,,,127,31.75,21,6,4,"… data is called data poisoning attack, while the other type that directly exerts on the model is called model poisoning … method as in data poisoning attacks, so we did not further classify it. …","https://dl.acm.org/doi/pdf/10.1145/3538707","https://scholar.google.com/scholar?q=related:n4RFQMbJH-YJ:scholar.google.com/&scioq=data+poisoning&hl=en&as_sdt=2007"
32,"L Shi, Z Chen, Y Shi, G Zhao, L Wei…","Data poisoning attacks on federated learning by using adversarial samples",2022,"2022 International …","ieeexplore.ieee.org","https://ieeexplore.ieee.org/abstract/document/9853326/","https://scholar.google.com/scholar?cites=12863274112554030365&as_sdt=2005&sciodt=2007&hl=en",198,"2026-01-28 13:54:56","","","",,,,,,32,8.00,5,6,4,"… This type of attack is called data poisoning attack [10], [11], the flow is shown in Figure 1. In … , it’s called model poisoning [3]–[5]. In this work, our attack belongs to data poisoning attack. …","","https://scholar.google.com/scholar?q=related:HdVCH6eHg7IJ:scholar.google.com/&scioq=data+poisoning&hl=en&as_sdt=2007"
21,"W Yang, J Gao, B Mirzasoleiman","Better safe than sorry: Pre-training clip against targeted data poisoning and backdoor attacks",2023,"arXiv preprint arXiv:2310.05862","arxiv.org","https://arxiv.org/abs/2310.05862","https://scholar.google.com/scholar?cites=17503491736576494934&as_sdt=2005&sciodt=2007&hl=en",199,"2026-01-28 13:54:56","","","",,,,,,21,7.00,7,3,3,"… 2014), that are poisoned with various targeted data poisoning and backdoor … data poisoning and backdoor attacks during pre-training, reducing success rate of targeted poisoning …","https://arxiv.org/pdf/2310.05862","https://scholar.google.com/scholar?q=related:Vo2gN__k6PIJ:scholar.google.com/&scioq=data+poisoning&hl=en&as_sdt=2007"
7,"T Zhou, H Yan, B Han, L Liu, J Zhang","Learning a robust foundation model against clean-label data poisoning attacks at downstream tasks",2024,"Neural Networks","Elsevier","https://www.sciencedirect.com/science/article/pii/S0893608023005890","https://scholar.google.com/scholar?cites=15850283273479907371&as_sdt=2005&sciodt=2007&hl=en",200,"2026-01-28 13:54:56","HTML","","",,,,,,7,3.50,1,5,2,"… downstream practitioners to data poisoning threats, as … the success rate of various data poisoning attacks in downstream tasks. … -label poisoning attacks in the transfer learning scenario. …","https://www.sciencedirect.com/science/article/pii/S0893608023005890","https://scholar.google.com/scholar?q=related:K-gVqaiE99sJ:scholar.google.com/&scioq=data+poisoning&hl=en&as_sdt=2007"
